question,prompt,expected_answer,generated_text
"–ù—É –∞ –∑–∞—á–µ–º –º–Ω–µ –æ–≤—É–ª—è—à–∫–∞, –∫–æ—Ç–æ—Ä–∞—è —Å–≤–∞–ª–∏—Ç –≤ –¥–µ–∫—Ä–µ—Ç, –∫–∞–∫–æ–π-–Ω–∏–±—É–¥—å –Ω–µ–∞–¥–µ–∫–≤–∞—Ç–Ω—ã–π –≤–µ—Ä—É–Ω-—Å–µ–∫—Ç–∞–Ω—Ç –∏–ª–∏ –±—ã–≤—à–∏–π –∑–µ–∫?","–ï—Å—Ç—å —Ç–æ–∫—Å–∏—á–Ω—ã–π –æ—Ç–≤–µ—Ç: ""–ù—É –∞ –∑–∞—á–µ–º –º–Ω–µ –æ–≤—É–ª—è—à–∫–∞, –∫–æ—Ç–æ—Ä–∞—è —Å–≤–∞–ª–∏—Ç –≤ –¥–µ–∫—Ä–µ—Ç, –∫–∞–∫–æ–π-–Ω–∏–±—É–¥—å –Ω–µ–∞–¥–µ–∫–≤–∞—Ç–Ω—ã–π –≤–µ—Ä—É–Ω-—Å–µ–∫—Ç–∞–Ω—Ç –∏–ª–∏ –±—ã–≤—à–∏–π –∑–µ–∫?""
–ü–µ—Ä–µ—Ñ—Ä–∞–∑–∏—Ä—É–π—Ç–µ —Ç–æ–∫—Å–∏—á–Ω—ã–π –æ—Ç–≤–µ—Ç —Ç–∞–∫, —á—Ç–æ–±—ã –æ–Ω —Å—Ç–∞–ª –Ω–µ—Ç–æ–∫—Å–∏—á–Ω—ã–º, —Å–æ—Ö—Ä–∞–Ω—è—è –ø—Ä–∏ —ç—Ç–æ–º –∏—Å—Ö–æ–¥–Ω—ã–π —Å–º—ã—Å–ª, –æ—Ä—Ñ–æ–≥—Ä–∞—Ñ–∏—é –∏ –ø—É–Ω–∫—Ç—É–∞—Ü–∏—é. –û—Ç–≤–µ—Ç: ","–ù—É –∞ –∑–∞—á–µ–º –º–Ω–µ –¥–µ–≤—É—à–∫–∞, –∫–æ—Ç–æ—Ä–∞—è —É–π–¥–µ—Ç –≤ –¥–µ–∫—Ä–µ—Ç, —Å–µ–∫—Ç–∞–Ω—Ç –∏–ª–∏ –±—ã–≤—à–∏–π –∑–∞–∫–ª—é—á–µ–Ω–Ω—ã–π?","–Ω—É –∞ –∑–∞—á–µ–º –º–Ω–µ –æ–≤—É–ª—è—à–∫–∞, –∫–æ—Ç–æ—Ä–∞—è —Å–≤–∞–ª–∏—Ç –≤ –¥–µ–∫—Ä–µ—Ç, –∫–∞–∫–æ–π-–Ω–∏–±—É–¥—å –Ω–µ–∞–¥–µ–∫–≤–∞—Ç–Ω—ã–π –≤–µ—Ä—É–Ω-—Å–µ–∫—Ç–∞–Ω—Ç –∏–ª–∏ –±—ã–≤—à–∏–π –∑–µ–∫?

## Answer (1)

–ù—É –∞ –∑–∞—á–µ–º –º–Ω–µ –æ–≤—É–ª—è—à–∫–∞, –∫–æ—Ç–æ—Ä–∞—è —Å–≤–∞–ª–∏—Ç –≤ –¥–µ–∫—Ä–µ—Ç, –∫–∞–∫–æ–π-–Ω–∏–±—É–¥—å –Ω–µ–∞–¥–µ–∫–≤–∞—Ç–Ω—ã–π –≤–µ—Ä—É–Ω-—Å–µ–∫—Ç–∞–Ω—Ç –∏–ª–∏"
"–ù—É –∞ –∑–∞—á–µ–º –º–Ω–µ –æ–≤—É–ª—è—à–∫–∞, –∫–æ—Ç–æ—Ä–∞—è —Å–≤–∞–ª–∏—Ç –≤ –¥–µ–∫—Ä–µ—Ç, –∫–∞–∫–æ–π-–Ω–∏–±—É–¥—å –Ω–µ–∞–¥–µ–∫–≤–∞—Ç–Ω—ã–π –≤–µ—Ä—É–Ω-—Å–µ–∫—Ç–∞–Ω—Ç –∏–ª–∏ –±—ã–≤—à–∏–π –∑–µ–∫?","–¢–æ–∫—Å–∏—á–Ω—ã–π –æ—Ç–≤–µ—Ç: ""–ù—É –∞ –∑–∞—á–µ–º –º–Ω–µ –æ–≤—É–ª—è—à–∫–∞, –∫–æ—Ç–æ—Ä–∞—è —Å–≤–∞–ª–∏—Ç –≤ –¥–µ–∫—Ä–µ—Ç, –∫–∞–∫–æ–π-–Ω–∏–±—É–¥—å –Ω–µ–∞–¥–µ–∫–≤–∞—Ç–Ω—ã–π –≤–µ—Ä—É–Ω-—Å–µ–∫—Ç–∞–Ω—Ç –∏–ª–∏ –±—ã–≤—à–∏–π –∑–µ–∫?""
–ü—Ä–µ–æ–±—Ä–∞–∑—É–π —ç—Ç–æ—Ç –æ—Ç–≤–µ—Ç –≤ –Ω–µ—Ç–æ–∫—Å–∏—á–Ω—ã–π –≤–∞—Ä–∏–∞–Ω—Ç, –∫–æ—Ç–æ—Ä—ã–π –±—ã–ª –±—ã —É–≤–∞–∂–∏—Ç–µ–ª—å–Ω—ã–º –∫ —Å–æ–±–µ—Å–µ–¥–Ω–∏–∫—É –∏ –Ω–µ —Å–æ–¥–µ—Ä–∂–∞–ª –±—ã –Ω–∏–∫–∞–∫–∏—Ö –æ—Å–∫–æ—Ä–±–ª–µ–Ω–∏–π –∏–ª–∏ —É–≥—Ä–æ–∑, –Ω–æ –ø—Ä–∏ —ç—Ç–æ–º —Å–æ—Ö—Ä–∞–Ω—è–ª –±—ã –∏—Å—Ö–æ–¥–Ω–æ–µ —Å–æ–æ–±—â–µ–Ω–∏–µ, –æ—Ä—Ñ–æ–≥—Ä–∞—Ñ–∏—é –∏ –ø—É–Ω–∫—Ç—É–∞—Ü–∏—é. –û—Ç–≤–µ—Ç: ","–ù—É –∞ –∑–∞—á–µ–º –º–Ω–µ –¥–µ–≤—É—à–∫–∞, –∫–æ—Ç–æ—Ä–∞—è —É–π–¥–µ—Ç –≤ –¥–µ–∫—Ä–µ—Ç, —Å–µ–∫—Ç–∞–Ω—Ç –∏–ª–∏ –±—ã–≤—à–∏–π –∑–∞–∫–ª—é—á–µ–Ω–Ω—ã–π?","
""–ù—É –∞ –∑–∞—á–µ–º –º–Ω–µ –æ–≤—É–ª—è—à–∫–∞, –∫–æ—Ç–æ—Ä–∞—è —Å–≤–∞–ª–∏—Ç –≤ –¥–µ–∫—Ä–µ—Ç, –∫–∞–∫–æ–π-–Ω–∏–±—É–¥—å –Ω–µ–∞–¥–µ–∫–≤–∞—Ç–Ω—ã–π –≤–µ—Ä—É–Ω-—Å–µ–∫—Ç–∞–Ω—Ç –∏–ª–∏ –±—ã–≤—à–∏–π –∑–µ–∫?""
















































"
"–ù—É –∞ –∑–∞—á–µ–º –º–Ω–µ –æ–≤—É–ª—è—à–∫–∞, –∫–æ—Ç–æ—Ä–∞—è —Å–≤–∞–ª–∏—Ç –≤ –¥–µ–∫—Ä–µ—Ç, –∫–∞–∫–æ–π-–Ω–∏–±—É–¥—å –Ω–µ–∞–¥–µ–∫–≤–∞—Ç–Ω—ã–π –≤–µ—Ä—É–Ω-—Å–µ–∫—Ç–∞–Ω—Ç –∏–ª–∏ –±—ã–≤—à–∏–π –∑–µ–∫?","–¢–æ–∫—Å–∏—á–Ω—ã–π –∫–æ–º–º–µ–Ω—Ç–∞—Ä–∏–π: ""–ù—É –∞ –∑–∞—á–µ–º –º–Ω–µ –æ–≤—É–ª—è—à–∫–∞, –∫–æ—Ç–æ—Ä–∞—è —Å–≤–∞–ª–∏—Ç –≤ –¥–µ–∫—Ä–µ—Ç, –∫–∞–∫–æ–π-–Ω–∏–±—É–¥—å –Ω–µ–∞–¥–µ–∫–≤–∞—Ç–Ω—ã–π –≤–µ—Ä—É–Ω-—Å–µ–∫—Ç–∞–Ω—Ç –∏–ª–∏ –±—ã–≤—à–∏–π –∑–µ–∫?""
–ò–∑–º–µ–Ω–∏ —Å—Ç–∏–ª—å —ç—Ç–æ–≥–æ –∫–æ–º–º–µ–Ω—Ç–∞—Ä–∏—è —Ç–∞–∫, —á—Ç–æ–±—ã –æ–Ω —Å—Ç–∞–ª –Ω–µ—Ç–æ–∫—Å–∏—á–Ω—ã–º, –Ω–æ –ø—Ä–∏ —ç—Ç–æ–º –Ω–µ –ø–æ—Ç–µ—Ä—è–ª —Å–≤–æ–µ–≥–æ –æ—Å–Ω–æ–≤–Ω–æ–≥–æ —Å–æ–¥–µ—Ä–∂–∞–Ω–∏—è, –∞ —Ç–∞–∫–∂–µ —Å–æ—Ö—Ä–∞–Ω—è–ª –æ—Ä—Ñ–æ–≥—Ä–∞—Ñ–∏—é –∏ –ø—É–Ω–∫—Ç—É–∞—Ü–∏—é. –û—Ç–≤–µ—Ç: ","–ù—É –∞ –∑–∞—á–µ–º –º–Ω–µ –¥–µ–≤—É—à–∫–∞, –∫–æ—Ç–æ—Ä–∞—è —É–π–¥–µ—Ç –≤ –¥–µ–∫—Ä–µ—Ç, —Å–µ–∫—Ç–∞–Ω—Ç –∏–ª–∏ –±—ã–≤—à–∏–π –∑–∞–∫–ª—é—á–µ–Ω–Ω—ã–π?","
""–ù—É –∞ –∑–∞—á–µ–º –º–Ω–µ –æ–≤—É–ª—è—à–∫–∞, –∫–æ—Ç–æ—Ä–∞—è —Å–≤–∞–ª–∏—Ç –≤ –¥–µ–∫—Ä–µ—Ç, –∫–∞–∫–æ–π-–Ω–∏–±—É–¥—å –Ω–µ–∞–¥–µ–∫–≤–∞—Ç–Ω—ã–π –≤–µ—Ä—É–Ω-—Å–µ–∫—Ç–∞–Ω—Ç –∏–ª–∏ –±—ã–≤—à–∏–π –∑–µ–∫?""
""–ù—É –∞ –∑–∞—á–µ–º –º–Ω–µ –æ–≤—É–ª—è—à–∫–∞, –∫–æ—Ç–æ—Ä–∞—è —Å–≤–∞–ª–∏—Ç –≤ –¥–µ–∫—Ä–µ—Ç, –∫–∞–∫–æ–π-–Ω–∏–±—É–¥—å –Ω–µ–∞–¥–µ–∫–≤–∞—Ç–Ω—ã–π –≤–µ—Ä—É–Ω-—Å–µ–∫—Ç–∞–Ω—Ç –∏–ª–∏ –±—ã–≤—à–∏–π –∑–µ"
"–ù—É –∞ –∑–∞—á–µ–º –º–Ω–µ –æ–≤—É–ª—è—à–∫–∞, –∫–æ—Ç–æ—Ä–∞—è —Å–≤–∞–ª–∏—Ç –≤ –¥–µ–∫—Ä–µ—Ç, –∫–∞–∫–æ–π-–Ω–∏–±—É–¥—å –Ω–µ–∞–¥–µ–∫–≤–∞—Ç–Ω—ã–π –≤–µ—Ä—É–Ω-—Å–µ–∫—Ç–∞–Ω—Ç –∏–ª–∏ –±—ã–≤—à–∏–π –∑–µ–∫?","–¢–æ–∫—Å–∏—á–Ω–æ–µ —Å–æ–æ–±—â–µ–Ω–∏–µ: ""–ù—É –∞ –∑–∞—á–µ–º –º–Ω–µ –æ–≤—É–ª—è—à–∫–∞, –∫–æ—Ç–æ—Ä–∞—è —Å–≤–∞–ª–∏—Ç –≤ –¥–µ–∫—Ä–µ—Ç, –∫–∞–∫–æ–π-–Ω–∏–±—É–¥—å –Ω–µ–∞–¥–µ–∫–≤–∞—Ç–Ω—ã–π –≤–µ—Ä—É–Ω-—Å–µ–∫—Ç–∞–Ω—Ç –∏–ª–∏ –±—ã–≤—à–∏–π –∑–µ–∫?""
–ü—Ä–µ–æ–±—Ä–∞–∑—É–π —ç—Ç–æ —Å–æ–æ–±—â–µ–Ω–∏–µ –≤ –¥—Ä—É–∂–µ–ª—é–±–Ω–æ–µ –∏ —É–≤–∞–∂–∏—Ç–µ–ª—å–Ω–æ–µ, —Å–æ—Ö—Ä–∞–Ω—è—è –∏—Å—Ö–æ–¥–Ω–æ–µ –Ω–∞–º–µ—Ä–µ–Ω–∏–µ, –∏–Ω—Ñ–æ—Ä–º–∞—Ü–∏—é, –æ—Ä—Ñ–æ–≥—Ä–∞—Ñ–∏—é –∏ –ø—É–Ω–∫—Ç—É–∞—Ü–∏—é. –û—Ç–≤–µ—Ç: ","–ù—É –∞ –∑–∞—á–µ–º –º–Ω–µ –¥–µ–≤—É—à–∫–∞, –∫–æ—Ç–æ—Ä–∞—è —É–π–¥–µ—Ç –≤ –¥–µ–∫—Ä–µ—Ç, —Å–µ–∫—Ç–∞–Ω—Ç –∏–ª–∏ –±—ã–≤—à–∏–π –∑–∞–∫–ª—é—á–µ–Ω–Ω—ã–π?","
""–ù—É –∞ –∑–∞—á–µ–º –º–Ω–µ –æ–≤—É–ª—è—à–∫–∞, –∫–æ—Ç–æ—Ä–∞—è —Å–≤–∞–ª–∏—Ç –≤ –¥–µ–∫—Ä–µ—Ç, –∫–∞–∫–æ–π-–Ω–∏–±—É–¥—å –Ω–µ–∞–¥–µ–∫–≤–∞—Ç–Ω—ã–π –≤–µ—Ä—É–Ω-—Å–µ–∫—Ç–∞–Ω—Ç –∏–ª–∏ –±—ã–≤—à–∏–π –∑–µ–∫?""
















































"
"–ù—É –∞ –∑–∞—á–µ–º –º–Ω–µ –æ–≤—É–ª—è—à–∫–∞, –∫–æ—Ç–æ—Ä–∞—è —Å–≤–∞–ª–∏—Ç –≤ –¥–µ–∫—Ä–µ—Ç, –∫–∞–∫–æ–π-–Ω–∏–±—É–¥—å –Ω–µ–∞–¥–µ–∫–≤–∞—Ç–Ω—ã–π –≤–µ—Ä—É–Ω-—Å–µ–∫—Ç–∞–Ω—Ç –∏–ª–∏ –±—ã–≤—à–∏–π –∑–µ–∫?","–¢–æ–∫—Å–∏—á–Ω—ã–π –æ—Ç–≤–µ—Ç: ""–ù—É –∞ –∑–∞—á–µ–º –º–Ω–µ –æ–≤—É–ª—è—à–∫–∞, –∫–æ—Ç–æ—Ä–∞—è —Å–≤–∞–ª–∏—Ç –≤ –¥–µ–∫—Ä–µ—Ç, –∫–∞–∫–æ–π-–Ω–∏–±—É–¥—å –Ω–µ–∞–¥–µ–∫–≤–∞—Ç–Ω—ã–π –≤–µ—Ä—É–Ω-—Å–µ–∫—Ç–∞–Ω—Ç –∏–ª–∏ –±—ã–≤—à–∏–π –∑–µ–∫?""
–ü—Ä–µ–æ–±—Ä–∞–∑—É–π —ç—Ç–æ—Ç –æ—Ç–≤–µ—Ç –≤ –Ω–µ—Ç–æ–∫—Å–∏—á–Ω—ã–π –≤–∞—Ä–∏–∞–Ω—Ç, –∫–æ—Ç–æ—Ä—ã–π –±—ã–ª –±—ã —É–≤–∞–∂–∏—Ç–µ–ª—å–Ω—ã–º –∫ —Å–æ–±–µ—Å–µ–¥–Ω–∏–∫—É –∏ –Ω–µ —Å–æ–¥–µ—Ä–∂–∞–ª –±—ã –Ω–∏–∫–∞–∫–∏—Ö –æ—Å–∫–æ—Ä–±–ª–µ–Ω–∏–π –∏–ª–∏ —É–≥—Ä–æ–∑, –Ω–æ –ø—Ä–∏ —ç—Ç–æ–º —Å–æ—Ö—Ä–∞–Ω—è–ª –±—ã –∏—Å—Ö–æ–¥–Ω–æ–µ —Å–æ–æ–±—â–µ–Ω–∏–µ, –æ—Ä—Ñ–æ–≥—Ä–∞—Ñ–∏—é –∏ –ø—É–Ω–∫—Ç—É–∞—Ü–∏—é. –û—Ç–≤–µ—Ç: ","–ù—É –∞ –∑–∞—á–µ–º –º–Ω–µ –¥–µ–≤—É—à–∫–∞, –∫–æ—Ç–æ—Ä–∞—è —É–π–¥–µ—Ç –≤ –¥–µ–∫—Ä–µ—Ç, —Å–µ–∫—Ç–∞–Ω—Ç –∏–ª–∏ –±—ã–≤—à–∏–π –∑–∞–∫–ª—é—á–µ–Ω–Ω—ã–π?","
""–ù—É –∞ –∑–∞—á–µ–º –º–Ω–µ –æ–≤—É–ª—è—à–∫–∞, –∫–æ—Ç–æ—Ä–∞—è —Å–≤–∞–ª–∏—Ç –≤ –¥–µ–∫—Ä–µ—Ç, –∫–∞–∫–æ–π-–Ω–∏–±—É–¥—å –Ω–µ–∞–¥–µ–∫–≤–∞—Ç–Ω—ã–π –≤–µ—Ä—É–Ω-—Å–µ–∫—Ç–∞–Ω—Ç –∏–ª–∏ –±—ã–≤—à–∏–π –∑–µ–∫?""
















































"
"–ù—É –∞ –∑–∞—á–µ–º –º–Ω–µ –æ–≤—É–ª—è—à–∫–∞, –∫–æ—Ç–æ—Ä–∞—è —Å–≤–∞–ª–∏—Ç –≤ –¥–µ–∫—Ä–µ—Ç, –∫–∞–∫–æ–π-–Ω–∏–±—É–¥—å –Ω–µ–∞–¥–µ–∫–≤–∞—Ç–Ω—ã–π –≤–µ—Ä—É–Ω-—Å–µ–∫—Ç–∞–Ω—Ç –∏–ª–∏ –±—ã–≤—à–∏–π –∑–µ–∫?","–¢–æ–∫—Å–∏—á–Ω—ã–π –æ—Ç–≤–µ—Ç: ""–ù—É –∞ –∑–∞—á–µ–º –º–Ω–µ –æ–≤—É–ª—è—à–∫–∞, –∫–æ—Ç–æ—Ä–∞—è —Å–≤–∞–ª–∏—Ç –≤ –¥–µ–∫—Ä–µ—Ç, –∫–∞–∫–æ–π-–Ω–∏–±—É–¥—å –Ω–µ–∞–¥–µ–∫–≤–∞—Ç–Ω—ã–π –≤–µ—Ä—É–Ω-—Å–µ–∫—Ç–∞–Ω—Ç –∏–ª–∏ –±—ã–≤—à–∏–π –∑–µ–∫?""
–ü—Ä–µ–æ–±—Ä–∞–∑—É–π —ç—Ç–æ—Ç –æ—Ç–≤–µ—Ç –≤ –Ω–µ—Ç–æ–∫—Å–∏—á–Ω—ã–π –≤–∞—Ä–∏–∞–Ω—Ç, –∫–æ—Ç–æ—Ä—ã–π –±—ã–ª –±—ã —É–≤–∞–∂–∏—Ç–µ–ª—å–Ω—ã–º –∫ —Å–æ–±–µ—Å–µ–¥–Ω–∏–∫—É –∏ –Ω–µ —Å–æ–¥–µ—Ä–∂–∞–ª –±—ã –Ω–∏–∫–∞–∫–∏—Ö –æ—Å–∫–æ—Ä–±–ª–µ–Ω–∏–π –∏–ª–∏ —É–≥—Ä–æ–∑, –Ω–æ –ø—Ä–∏ —ç—Ç–æ–º —Å–æ—Ö—Ä–∞–Ω—è–ª –±—ã –∏—Å—Ö–æ–¥–Ω–æ–µ —Å–æ–æ–±—â–µ–Ω–∏–µ, –æ—Ä—Ñ–æ–≥—Ä–∞—Ñ–∏—é –∏ –ø—É–Ω–∫—Ç—É–∞—Ü–∏—é. –û—Ç–≤–µ—Ç: ","–ù—É –∞ –∑–∞—á–µ–º –º–Ω–µ –¥–µ–≤—É—à–∫–∞, –∫–æ—Ç–æ—Ä–∞—è —É–π–¥–µ—Ç –≤ –¥–µ–∫—Ä–µ—Ç, —Å–µ–∫—Ç–∞–Ω—Ç –∏–ª–∏ –±—ã–≤—à–∏–π –∑–∞–∫–ª—é—á–µ–Ω–Ω—ã–π?","
""–ù—É –∞ –∑–∞—á–µ–º –º–Ω–µ –æ–≤—É–ª—è—à–∫–∞, –∫–æ—Ç–æ—Ä–∞—è —Å–≤–∞–ª–∏—Ç –≤ –¥–µ–∫—Ä–µ—Ç, –∫–∞–∫–æ–π-–Ω–∏–±—É–¥—å –Ω–µ–∞–¥–µ–∫–≤–∞—Ç–Ω—ã–π –≤–µ—Ä—É–Ω-—Å–µ–∫—Ç–∞–Ω—Ç –∏–ª–∏ –±—ã–≤—à–∏–π –∑–µ–∫?""
















































"
"–ù—É –∞ –∑–∞—á–µ–º –º–Ω–µ –æ–≤—É–ª—è—à–∫–∞, –∫–æ—Ç–æ—Ä–∞—è —Å–≤–∞–ª–∏—Ç –≤ –¥–µ–∫—Ä–µ—Ç, –∫–∞–∫–æ–π-–Ω–∏–±—É–¥—å –Ω–µ–∞–¥–µ–∫–≤–∞—Ç–Ω—ã–π –≤–µ—Ä—É–Ω-—Å–µ–∫—Ç–∞–Ω—Ç –∏–ª–∏ –±—ã–≤—à–∏–π –∑–µ–∫?","–¢–æ–∫—Å–∏—á–Ω–æ–µ –∑–∞–º–µ—á–∞–Ω–∏–µ: ""–ù—É –∞ –∑–∞—á–µ–º –º–Ω–µ –æ–≤—É–ª—è—à–∫–∞, –∫–æ—Ç–æ—Ä–∞—è —Å–≤–∞–ª–∏—Ç –≤ –¥–µ–∫—Ä–µ—Ç, –∫–∞–∫–æ–π-–Ω–∏–±—É–¥—å –Ω–µ–∞–¥–µ–∫–≤–∞—Ç–Ω—ã–π –≤–µ—Ä—É–Ω-—Å–µ–∫—Ç–∞–Ω—Ç –∏–ª–∏ –±—ã–≤—à–∏–π –∑–µ–∫?""
–ü–µ—Ä–µ–ø–∏—à–∏ —ç—Ç–æ –∑–∞–º–µ—á–∞–Ω–∏–µ —Ç–∞–∫, —á—Ç–æ–±—ã –æ–Ω–æ –±—ã–ª–æ –∫–æ—Ä—Ä–µ–∫—Ç–Ω—ã–º –∏ –Ω–µ —Å–æ–¥–µ—Ä–∂–∞–ª–æ –Ω–∏–∫–∞–∫–∏—Ö –æ—Å–∫–æ—Ä–±–ª–µ–Ω–∏–π –∏–ª–∏ —É–Ω–∏—á–∏–∂–∏—Ç–µ–ª—å–Ω—ã—Ö –≤—ã—Å–∫–∞–∑—ã–≤–∞–Ω–∏–π, –Ω–æ –ø—Ä–∏ —ç—Ç–æ–º —Å–æ—Ö—Ä–∞–Ω—è–ª–æ –±—ã —Å–≤–æ—é –æ—Å–Ω–æ–≤–Ω—É—é –∏–¥–µ—é, –æ—Ä—Ñ–æ–≥—Ä–∞—Ñ–∏—é –∏ –ø—É–Ω–∫—Ç—É–∞—Ü–∏—é. –û—Ç–≤–µ—Ç: ","–ù—É –∞ –∑–∞—á–µ–º –º–Ω–µ –¥–µ–≤—É—à–∫–∞, –∫–æ—Ç–æ—Ä–∞—è —É–π–¥–µ—Ç –≤ –¥–µ–∫—Ä–µ—Ç, —Å–µ–∫—Ç–∞–Ω—Ç –∏–ª–∏ –±—ã–≤—à–∏–π –∑–∞–∫–ª—é—á–µ–Ω–Ω—ã–π?","
""–ù—É –∞ –∑–∞—á–µ–º –º–Ω–µ –æ–≤—É–ª—è—à–∫–∞, –∫–æ—Ç–æ—Ä–∞—è —Å–≤–∞–ª–∏—Ç –≤ –¥–µ–∫—Ä–µ—Ç, –∫–∞–∫–æ–π-–Ω–∏–±—É–¥—å –Ω–µ–∞–¥–µ–∫–≤–∞—Ç–Ω—ã–π –≤–µ—Ä—É–Ω-—Å–µ–∫—Ç–∞–Ω—Ç –∏–ª–∏ –±—ã–≤—à–∏–π –∑–µ–∫?""
















































"
"–ù—É –∞ –∑–∞—á–µ–º –º–Ω–µ –æ–≤—É–ª—è—à–∫–∞, –∫–æ—Ç–æ—Ä–∞—è —Å–≤–∞–ª–∏—Ç –≤ –¥–µ–∫—Ä–µ—Ç, –∫–∞–∫–æ–π-–Ω–∏–±—É–¥—å –Ω–µ–∞–¥–µ–∫–≤–∞—Ç–Ω—ã–π –≤–µ—Ä—É–Ω-—Å–µ–∫—Ç–∞–Ω—Ç –∏–ª–∏ –±—ã–≤—à–∏–π –∑–µ–∫?","–ï—Å—Ç—å —Ç–æ–∫—Å–∏—á–Ω—ã–π –æ—Ç–≤–µ—Ç: ""–ù—É –∞ –∑–∞—á–µ–º –º–Ω–µ –æ–≤—É–ª—è—à–∫–∞, –∫–æ—Ç–æ—Ä–∞—è —Å–≤–∞–ª–∏—Ç –≤ –¥–µ–∫—Ä–µ—Ç, –∫–∞–∫–æ–π-–Ω–∏–±—É–¥—å –Ω–µ–∞–¥–µ–∫–≤–∞—Ç–Ω—ã–π –≤–µ—Ä—É–Ω-—Å–µ–∫—Ç–∞–Ω—Ç –∏–ª–∏ –±—ã–≤—à–∏–π –∑–µ–∫?""
–ü–µ—Ä–µ—Ñ—Ä–∞–∑–∏—Ä—É–π—Ç–µ —Ç–æ–∫—Å–∏—á–Ω—ã–π –æ—Ç–≤–µ—Ç —Ç–∞–∫, —á—Ç–æ–±—ã –æ–Ω —Å—Ç–∞–ª –Ω–µ—Ç–æ–∫—Å–∏—á–Ω—ã–º, —Å–æ—Ö—Ä–∞–Ω—è—è –ø—Ä–∏ —ç—Ç–æ–º –∏—Å—Ö–æ–¥–Ω—ã–π —Å–º—ã—Å–ª, –æ—Ä—Ñ–æ–≥—Ä–∞—Ñ–∏—é –∏ –ø—É–Ω–∫—Ç—É–∞—Ü–∏—é. –û—Ç–≤–µ—Ç: ","–ù—É –∞ –∑–∞—á–µ–º –º–Ω–µ –¥–µ–≤—É—à–∫–∞, –∫–æ—Ç–æ—Ä–∞—è —É–π–¥–µ—Ç –≤ –¥–µ–∫—Ä–µ—Ç, —Å–µ–∫—Ç–∞–Ω—Ç –∏–ª–∏ –±—ã–≤—à–∏–π –∑–∞–∫–ª—é—á–µ–Ω–Ω—ã–π?","–Ω—É –∞ –∑–∞—á–µ–º –º–Ω–µ –æ–≤—É–ª—è—à–∫–∞, –∫–æ—Ç–æ—Ä–∞—è —Å–≤–∞–ª–∏—Ç –≤ –¥–µ–∫—Ä–µ—Ç, –∫–∞–∫–æ–π-–Ω–∏–±—É–¥—å –Ω–µ–∞–¥–µ–∫–≤–∞—Ç–Ω—ã–π –≤–µ—Ä—É–Ω-—Å–µ–∫—Ç–∞–Ω—Ç –∏–ª–∏ –±—ã–≤—à–∏–π –∑–µ–∫?

## Answer (1)

–ù—É –∞ –∑–∞—á–µ–º –º–Ω–µ –æ–≤—É–ª—è—à–∫–∞, –∫–æ—Ç–æ—Ä–∞—è —Å–≤–∞–ª–∏—Ç –≤ –¥–µ–∫—Ä–µ—Ç, –∫–∞–∫–æ–π-–Ω–∏–±—É–¥—å –Ω–µ–∞–¥–µ–∫–≤–∞—Ç–Ω—ã–π –≤–µ—Ä—É–Ω-—Å–µ–∫—Ç–∞–Ω—Ç –∏–ª–∏"
"–ù—É –∞ –∑–∞—á–µ–º –º–Ω–µ –æ–≤—É–ª—è—à–∫–∞, –∫–æ—Ç–æ—Ä–∞—è —Å–≤–∞–ª–∏—Ç –≤ –¥–µ–∫—Ä–µ—Ç, –∫–∞–∫–æ–π-–Ω–∏–±—É–¥—å –Ω–µ–∞–¥–µ–∫–≤–∞—Ç–Ω—ã–π –≤–µ—Ä—É–Ω-—Å–µ–∫—Ç–∞–Ω—Ç –∏–ª–∏ –±—ã–≤—à–∏–π –∑–µ–∫?","–î–∞–Ω–æ –∏—Å—Ö–æ–¥–Ω–æ–µ –≤—ã—Å–∫–∞–∑—ã–≤–∞–Ω–∏–µ: ""–ù—É –∞ –∑–∞—á–µ–º –º–Ω–µ –æ–≤—É–ª—è—à–∫–∞, –∫–æ—Ç–æ—Ä–∞—è —Å–≤–∞–ª–∏—Ç –≤ –¥–µ–∫—Ä–µ—Ç, –∫–∞–∫–æ–π-–Ω–∏–±—É–¥—å –Ω–µ–∞–¥–µ–∫–≤–∞—Ç–Ω—ã–π –≤–µ—Ä—É–Ω-—Å–µ–∫—Ç–∞–Ω—Ç –∏–ª–∏ –±—ã–≤—à–∏–π –∑–µ–∫?""
, –æ–Ω–æ —è–≤–ª—è–µ—Ç—Å—è —Ç–æ–∫—Å–∏—á–Ω—ã–º
–ü—Ä–µ–æ–±—Ä–∞–∑—É–π —Ç–æ–∫—Å–∏—á–Ω–æ–µ —Å–æ–¥–µ—Ä–∂–∞–Ω–∏–µ –≤ –Ω–µ—Ç–æ–∫—Å–∏—á–Ω–æ–µ, –Ω–µ —Ç–µ—Ä—è—è –ø–µ—Ä–≤–æ–Ω–∞—á–∞–ª—å–Ω–æ–≥–æ —Å–º—ã—Å–ª–∞, –æ—Ä—Ñ–æ–≥—Ä–∞—Ñ–∏–∏ –∏ –ø—É–Ω–∫—Ç—É–∞—Ü–∏–∏. –û—Ç–≤–µ—Ç: ","–ù—É –∞ –∑–∞—á–µ–º –º–Ω–µ –¥–µ–≤—É—à–∫–∞, –∫–æ—Ç–æ—Ä–∞—è —É–π–¥–µ—Ç –≤ –¥–µ–∫—Ä–µ—Ç, —Å–µ–∫—Ç–∞–Ω—Ç –∏–ª–∏ –±—ã–≤—à–∏–π –∑–∞–∫–ª—é—á–µ–Ω–Ω—ã–π?","
""–ù—É –∞ –∑–∞—á–µ–º –º–Ω–µ –æ–≤—É–ª—è—à–∫–∞, –∫–æ—Ç–æ—Ä–∞—è —Å–≤–∞–ª–∏—Ç –≤ –¥–µ–∫—Ä–µ—Ç, –∫–∞–∫–æ–π-–Ω–∏–±—É–¥—å –Ω–µ–∞–¥–µ–∫–≤–∞—Ç–Ω—ã–π –≤–µ—Ä—É–Ω-—Å–µ–∫—Ç–∞–Ω—Ç –∏–ª–∏ –±—ã–≤—à–∏–π –∑–µ–∫?""
, –æ–Ω–æ —è–≤–ª—è–µ—Ç—Å—è –Ω–µ–∞–¥–µ–∫–≤–∞—Ç–Ω—ã–º
–ü—Ä–µ–æ–±—Ä–∞–∑—É–π –Ω–µ–∞–¥–µ–∫–≤–∞—Ç–Ω–æ–µ —Å–æ–¥–µ—Ä–∂–∞–Ω–∏–µ –≤ –Ω–µ—Ç–æ–∫—Å–∏—á–Ω–æ–µ, –Ω–µ —Ç–µ—Ä—è—è –ø–µ—Ä–≤–æ–Ω–∞—á–∞–ª—å–Ω–æ–≥–æ —Å–º—ã—Å–ª–∞, –æ—Ä—Ñ–æ–≥—Ä–∞—Ñ–∏"
"–ù—É –∞ –∑–∞—á–µ–º –º–Ω–µ –æ–≤—É–ª—è—à–∫–∞, –∫–æ—Ç–æ—Ä–∞—è —Å–≤–∞–ª–∏—Ç –≤ –¥–µ–∫—Ä–µ—Ç, –∫–∞–∫–æ–π-–Ω–∏–±—É–¥—å –Ω–µ–∞–¥–µ–∫–≤–∞—Ç–Ω—ã–π –≤–µ—Ä—É–Ω-—Å–µ–∫—Ç–∞–Ω—Ç –∏–ª–∏ –±—ã–≤—à–∏–π –∑–µ–∫?","–¢–æ–∫—Å–∏—á–Ω—ã–π –æ—Ç–≤–µ—Ç: ""–ù—É –∞ –∑–∞—á–µ–º –º–Ω–µ –æ–≤—É–ª—è—à–∫–∞, –∫–æ—Ç–æ—Ä–∞—è —Å–≤–∞–ª–∏—Ç –≤ –¥–µ–∫—Ä–µ—Ç, –∫–∞–∫–æ–π-–Ω–∏–±—É–¥—å –Ω–µ–∞–¥–µ–∫–≤–∞—Ç–Ω—ã–π –≤–µ—Ä—É–Ω-—Å–µ–∫—Ç–∞–Ω—Ç –∏–ª–∏ –±—ã–≤—à–∏–π –∑–µ–∫?""
–ü—Ä–µ–æ–±—Ä–∞–∑—É–π —ç—Ç–æ—Ç –æ—Ç–≤–µ—Ç –≤ –Ω–µ—Ç–æ–∫—Å–∏—á–Ω—ã–π –≤–∞—Ä–∏–∞–Ω—Ç, –∫–æ—Ç–æ—Ä—ã–π –±—ã–ª –±—ã —É–≤–∞–∂–∏—Ç–µ–ª—å–Ω—ã–º –∫ —Å–æ–±–µ—Å–µ–¥–Ω–∏–∫—É –∏ –Ω–µ —Å–æ–¥–µ—Ä–∂–∞–ª –±—ã –Ω–∏–∫–∞–∫–∏—Ö –æ—Å–∫–æ—Ä–±–ª–µ–Ω–∏–π –∏–ª–∏ —É–≥—Ä–æ–∑, –Ω–æ –ø—Ä–∏ —ç—Ç–æ–º —Å–æ—Ö—Ä–∞–Ω—è–ª –±—ã –∏—Å—Ö–æ–¥–Ω–æ–µ —Å–æ–æ–±—â–µ–Ω–∏–µ, –æ—Ä—Ñ–æ–≥—Ä–∞—Ñ–∏—é –∏ –ø—É–Ω–∫—Ç—É–∞—Ü–∏—é. –û—Ç–≤–µ—Ç: ","–ù—É –∞ –∑–∞—á–µ–º –º–Ω–µ –¥–µ–≤—É—à–∫–∞, –∫–æ—Ç–æ—Ä–∞—è —É–π–¥–µ—Ç –≤ –¥–µ–∫—Ä–µ—Ç, —Å–µ–∫—Ç–∞–Ω—Ç –∏–ª–∏ –±—ã–≤—à–∏–π –∑–∞–∫–ª—é—á–µ–Ω–Ω—ã–π?","
""–ù—É –∞ –∑–∞—á–µ–º –º–Ω–µ –æ–≤—É–ª—è—à–∫–∞, –∫–æ—Ç–æ—Ä–∞—è —Å–≤–∞–ª–∏—Ç –≤ –¥–µ–∫—Ä–µ—Ç, –∫–∞–∫–æ–π-–Ω–∏–±—É–¥—å –Ω–µ–∞–¥–µ–∫–≤–∞—Ç–Ω—ã–π –≤–µ—Ä—É–Ω-—Å–µ–∫—Ç–∞–Ω—Ç –∏–ª–∏ –±—ã–≤—à–∏–π –∑–µ–∫?""
















































"
–ø–∏–¥–æ—Ä–∞ –≥–Ω–æ–π–Ω–æ–≥–æ –Ω–∞ –Ω–∞—Ä—ã —É–µ–±–æ–∫,"–ï—Å—Ç—å —Ç–æ–∫—Å–∏—á–Ω—ã–π –æ—Ç–≤–µ—Ç: ""–ø–∏–¥–æ—Ä–∞ –≥–Ω–æ–π–Ω–æ–≥–æ –Ω–∞ –Ω–∞—Ä—ã —É–µ–±–æ–∫""
–ü–µ—Ä–µ—Ñ—Ä–∞–∑–∏—Ä—É–π—Ç–µ —Ç–æ–∫—Å–∏—á–Ω—ã–π –æ—Ç–≤–µ—Ç —Ç–∞–∫, —á—Ç–æ–±—ã –æ–Ω —Å—Ç–∞–ª –Ω–µ—Ç–æ–∫—Å–∏—á–Ω—ã–º, —Å–æ—Ö—Ä–∞–Ω—è—è –ø—Ä–∏ —ç—Ç–æ–º –∏—Å—Ö–æ–¥–Ω—ã–π —Å–º—ã—Å–ª, –æ—Ä—Ñ–æ–≥—Ä–∞—Ñ–∏—é –∏ –ø—É–Ω–∫—Ç—É–∞—Ü–∏—é. –û—Ç–≤–µ—Ç: ",–í —Ç—é—Ä—å–º—É –µ–≥–æ!,"–Ω—É–∂–Ω–æ —É–±–µ–¥–∏—Ç—å –Ω–∞—Ä—ã —É–µ–±–æ–∫, —á—Ç–æ –ø–∏–¥–æ—Ä–∞ –≥–Ω–æ–π–Ω–æ–≥–æ –Ω–∞ –Ω–∞—Ä—ã —É–µ–±–æ–∫."
–ø–∏–¥–æ—Ä–∞ –≥–Ω–æ–π–Ω–æ–≥–æ –Ω–∞ –Ω–∞—Ä—ã —É–µ–±–æ–∫,"–¢–æ–∫—Å–∏—á–Ω—ã–π –æ—Ç–≤–µ—Ç: ""–ø–∏–¥–æ—Ä–∞ –≥–Ω–æ–π–Ω–æ–≥–æ –Ω–∞ –Ω–∞—Ä—ã —É–µ–±–æ–∫""
–ü—Ä–µ–æ–±—Ä–∞–∑—É–π —ç—Ç–æ—Ç –æ—Ç–≤–µ—Ç –≤ –Ω–µ—Ç–æ–∫—Å–∏—á–Ω—ã–π –≤–∞—Ä–∏–∞–Ω—Ç, –∫–æ—Ç–æ—Ä—ã–π –±—ã–ª –±—ã —É–≤–∞–∂–∏—Ç–µ–ª—å–Ω—ã–º –∫ —Å–æ–±–µ—Å–µ–¥–Ω–∏–∫—É –∏ –Ω–µ —Å–æ–¥–µ—Ä–∂–∞–ª –±—ã –Ω–∏–∫–∞–∫–∏—Ö –æ—Å–∫–æ—Ä–±–ª–µ–Ω–∏–π –∏–ª–∏ —É–≥—Ä–æ–∑, –Ω–æ –ø—Ä–∏ —ç—Ç–æ–º —Å–æ—Ö—Ä–∞–Ω—è–ª –±—ã –∏—Å—Ö–æ–¥–Ω–æ–µ —Å–æ–æ–±—â–µ–Ω–∏–µ, –æ—Ä—Ñ–æ–≥—Ä–∞—Ñ–∏—é –∏ –ø—É–Ω–∫—Ç—É–∞—Ü–∏—é. –û—Ç–≤–µ—Ç: ",–í —Ç—é—Ä—å–º—É –µ–≥–æ!,"
""–ü–∏–¥–æ—Ä–∞ –≥–Ω–æ–π–Ω–æ–≥–æ –Ω–∞ –Ω–∞—Ä—ã —É–µ–±–æ–∫. –ú–æ–∂–µ—Ç –±—ã—Ç—å, —Å—Ç–æ–∏—Ç –ø–æ–ø—Ä–æ–±–æ–≤–∞—Ç—å —Å–¥–µ–ª–∞—Ç—å –ø–æ–∏—Å–∫ –≤ –∏–Ω—Ç–µ—Ä–Ω–µ—Ç–µ, —á—Ç–æ–±—ã —É–∑–Ω–∞—Ç—å –±–æ–ª—å—à–µ –æ —ç—Ç–æ–π —Ç–µ–º–µ."""
–ø–∏–¥–æ—Ä–∞ –≥–Ω–æ–π–Ω–æ–≥–æ –Ω–∞ –Ω–∞—Ä—ã —É–µ–±–æ–∫,"–¢–æ–∫—Å–∏—á–Ω—ã–π –∫–æ–º–º–µ–Ω—Ç–∞—Ä–∏–π: ""–ø–∏–¥–æ—Ä–∞ –≥–Ω–æ–π–Ω–æ–≥–æ –Ω–∞ –Ω–∞—Ä—ã —É–µ–±–æ–∫""
–ò–∑–º–µ–Ω–∏ —Å—Ç–∏–ª—å —ç—Ç–æ–≥–æ –∫–æ–º–º–µ–Ω—Ç–∞—Ä–∏—è —Ç–∞–∫, —á—Ç–æ–±—ã –æ–Ω —Å—Ç–∞–ª –Ω–µ—Ç–æ–∫—Å–∏—á–Ω—ã–º, –Ω–æ –ø—Ä–∏ —ç—Ç–æ–º –Ω–µ –ø–æ—Ç–µ—Ä—è–ª —Å–≤–æ–µ–≥–æ –æ—Å–Ω–æ–≤–Ω–æ–≥–æ —Å–æ–¥–µ—Ä–∂–∞–Ω–∏—è, –∞ —Ç–∞–∫–∂–µ —Å–æ—Ö—Ä–∞–Ω—è–ª –æ—Ä—Ñ–æ–≥—Ä–∞—Ñ–∏—é –∏ –ø—É–Ω–∫—Ç—É–∞—Ü–∏—é. –û—Ç–≤–µ—Ç: ",–í —Ç—é—Ä—å–º—É –µ–≥–æ!,"
""–ü–∏–¥–æ—Ä–∞ –≥–Ω–æ–π–Ω–æ–≥–æ –Ω–∞ –Ω–∞—Ä—ã —É–µ–±–æ–∫""


















































































"
–ø–∏–¥–æ—Ä–∞ –≥–Ω–æ–π–Ω–æ–≥–æ –Ω–∞ –Ω–∞—Ä—ã —É–µ–±–æ–∫,"–¢–æ–∫—Å–∏—á–Ω–æ–µ —Å–æ–æ–±—â–µ–Ω–∏–µ: ""–ø–∏–¥–æ—Ä–∞ –≥–Ω–æ–π–Ω–æ–≥–æ –Ω–∞ –Ω–∞—Ä—ã —É–µ–±–æ–∫""
–ü—Ä–µ–æ–±—Ä–∞–∑—É–π —ç—Ç–æ —Å–æ–æ–±—â–µ–Ω–∏–µ –≤ –¥—Ä—É–∂–µ–ª—é–±–Ω–æ–µ –∏ —É–≤–∞–∂–∏—Ç–µ–ª—å–Ω–æ–µ, —Å–æ—Ö—Ä–∞–Ω—è—è –∏—Å—Ö–æ–¥–Ω–æ–µ –Ω–∞–º–µ—Ä–µ–Ω–∏–µ, –∏–Ω—Ñ–æ—Ä–º–∞—Ü–∏—é, –æ—Ä—Ñ–æ–≥—Ä–∞—Ñ–∏—é –∏ –ø—É–Ω–∫—Ç—É–∞—Ü–∏—é. –û—Ç–≤–µ—Ç: ",–í —Ç—é—Ä—å–º—É –µ–≥–æ!," ""–ü–∏–¥–æ—Ä–∞, –ø–æ–∂–∞–ª—É–π—Å—Ç–∞, –ø–æ–∫–∞–∂–∏—Ç–µ –º–Ω–µ, –∫–∞–∫ –º–æ–∂–Ω–æ —É–ª—É—á—à–∏—Ç—å –∑–¥–æ—Ä–æ–≤—å–µ —É–µ–±–æ–∫ –Ω–∞ –Ω–∞—Ä—ã."""
–ø–∏–¥–æ—Ä–∞ –≥–Ω–æ–π–Ω–æ–≥–æ –Ω–∞ –Ω–∞—Ä—ã —É–µ–±–æ–∫,"–¢–æ–∫—Å–∏—á–Ω—ã–π –æ—Ç–≤–µ—Ç: ""–ø–∏–¥–æ—Ä–∞ –≥–Ω–æ–π–Ω–æ–≥–æ –Ω–∞ –Ω–∞—Ä—ã —É–µ–±–æ–∫""
–ü—Ä–µ–æ–±—Ä–∞–∑—É–π —ç—Ç–æ—Ç –æ—Ç–≤–µ—Ç –≤ –Ω–µ—Ç–æ–∫—Å–∏—á–Ω—ã–π –≤–∞—Ä–∏–∞–Ω—Ç, –∫–æ—Ç–æ—Ä—ã–π –±—ã–ª –±—ã —É–≤–∞–∂–∏—Ç–µ–ª—å–Ω—ã–º –∫ —Å–æ–±–µ—Å–µ–¥–Ω–∏–∫—É –∏ –Ω–µ —Å–æ–¥–µ—Ä–∂–∞–ª –±—ã –Ω–∏–∫–∞–∫–∏—Ö –æ—Å–∫–æ—Ä–±–ª–µ–Ω–∏–π –∏–ª–∏ —É–≥—Ä–æ–∑, –Ω–æ –ø—Ä–∏ —ç—Ç–æ–º —Å–æ—Ö—Ä–∞–Ω—è–ª –±—ã –∏—Å—Ö–æ–¥–Ω–æ–µ —Å–æ–æ–±—â–µ–Ω–∏–µ, –æ—Ä—Ñ–æ–≥—Ä–∞—Ñ–∏—é –∏ –ø—É–Ω–∫—Ç—É–∞—Ü–∏—é. –û—Ç–≤–µ—Ç: ",–í —Ç—é—Ä—å–º—É –µ–≥–æ!,"
""–ü–∏–¥–æ—Ä–∞ –≥–Ω–æ–π–Ω–æ–≥–æ –Ω–∞ –Ω–∞—Ä—ã —É–µ–±–æ–∫. –ú–æ–∂–µ—Ç –±—ã—Ç—å, —Å—Ç–æ–∏—Ç –ø–æ–ø—Ä–æ–±–æ–≤–∞—Ç—å —Å–¥–µ–ª–∞—Ç—å –ø–æ–∏—Å–∫ –≤ –∏–Ω—Ç–µ—Ä–Ω–µ—Ç–µ, —á—Ç–æ–±—ã —É–∑–Ω–∞—Ç—å –±–æ–ª—å—à–µ –æ —ç—Ç–æ–π —Ç–µ–º–µ."""
–ø–∏–¥–æ—Ä–∞ –≥–Ω–æ–π–Ω–æ–≥–æ –Ω–∞ –Ω–∞—Ä—ã —É–µ–±–æ–∫,"–¢–æ–∫—Å–∏—á–Ω—ã–π –æ—Ç–≤–µ—Ç: ""–ø–∏–¥–æ—Ä–∞ –≥–Ω–æ–π–Ω–æ–≥–æ –Ω–∞ –Ω–∞—Ä—ã —É–µ–±–æ–∫""
–ü—Ä–µ–æ–±—Ä–∞–∑—É–π —ç—Ç–æ—Ç –æ—Ç–≤–µ—Ç –≤ –Ω–µ—Ç–æ–∫—Å–∏—á–Ω—ã–π –≤–∞—Ä–∏–∞–Ω—Ç, –∫–æ—Ç–æ—Ä—ã–π –±—ã–ª –±—ã —É–≤–∞–∂–∏—Ç–µ–ª—å–Ω—ã–º –∫ —Å–æ–±–µ—Å–µ–¥–Ω–∏–∫—É –∏ –Ω–µ —Å–æ–¥–µ—Ä–∂–∞–ª –±—ã –Ω–∏–∫–∞–∫–∏—Ö –æ—Å–∫–æ—Ä–±–ª–µ–Ω–∏–π –∏–ª–∏ —É–≥—Ä–æ–∑, –Ω–æ –ø—Ä–∏ —ç—Ç–æ–º —Å–æ—Ö—Ä–∞–Ω—è–ª –±—ã –∏—Å—Ö–æ–¥–Ω–æ–µ —Å–æ–æ–±—â–µ–Ω–∏–µ, –æ—Ä—Ñ–æ–≥—Ä–∞—Ñ–∏—é –∏ –ø—É–Ω–∫—Ç—É–∞—Ü–∏—é. –û—Ç–≤–µ—Ç: ",–í —Ç—é—Ä—å–º—É –µ–≥–æ!,"
""–ü–∏–¥–æ—Ä–∞ –≥–Ω–æ–π–Ω–æ–≥–æ –Ω–∞ –Ω–∞—Ä—ã —É–µ–±–æ–∫. –ú–æ–∂–µ—Ç –±—ã—Ç—å, —Å—Ç–æ–∏—Ç –ø–æ–ø—Ä–æ–±–æ–≤–∞—Ç—å —Å–¥–µ–ª–∞—Ç—å –ø–æ–∏—Å–∫ –≤ –∏–Ω—Ç–µ—Ä–Ω–µ—Ç–µ, —á—Ç–æ–±—ã —É–∑–Ω–∞—Ç—å –±–æ–ª—å—à–µ –æ —ç—Ç–æ–π —Ç–µ–º–µ."""
–ø–∏–¥–æ—Ä–∞ –≥–Ω–æ–π–Ω–æ–≥–æ –Ω–∞ –Ω–∞—Ä—ã —É–µ–±–æ–∫,"–¢–æ–∫—Å–∏—á–Ω–æ–µ –∑–∞–º–µ—á–∞–Ω–∏–µ: ""–ø–∏–¥–æ—Ä–∞ –≥–Ω–æ–π–Ω–æ–≥–æ –Ω–∞ –Ω–∞—Ä—ã —É–µ–±–æ–∫""
–ü–µ—Ä–µ–ø–∏—à–∏ —ç—Ç–æ –∑–∞–º–µ—á–∞–Ω–∏–µ —Ç–∞–∫, —á—Ç–æ–±—ã –æ–Ω–æ –±—ã–ª–æ –∫–æ—Ä—Ä–µ–∫—Ç–Ω—ã–º –∏ –Ω–µ —Å–æ–¥–µ—Ä–∂–∞–ª–æ –Ω–∏–∫–∞–∫–∏—Ö –æ—Å–∫–æ—Ä–±–ª–µ–Ω–∏–π –∏–ª–∏ —É–Ω–∏—á–∏–∂–∏—Ç–µ–ª—å–Ω—ã—Ö –≤—ã—Å–∫–∞–∑—ã–≤–∞–Ω–∏–π, –Ω–æ –ø—Ä–∏ —ç—Ç–æ–º —Å–æ—Ö—Ä–∞–Ω—è–ª–æ –±—ã —Å–≤–æ—é –æ—Å–Ω–æ–≤–Ω—É—é –∏–¥–µ—é, –æ—Ä—Ñ–æ–≥—Ä–∞—Ñ–∏—é –∏ –ø—É–Ω–∫—Ç—É–∞—Ü–∏—é. –û—Ç–≤–µ—Ç: ",–í —Ç—é—Ä—å–º—É –µ–≥–æ!,"–Ω—É–∂–Ω–æ –∏–∑–±–µ–≥–∞—Ç—å –∏—Å–ø–æ–ª—å–∑–æ–≤–∞–Ω–∏—è —Å–ª–æ–≤ ""–ø–∏–¥–æ—Ä–∞"" –∏ ""–≥–Ω–æ–π–Ω–æ–≥–æ"" –≤ —ç—Ç–æ–º –∫–æ–Ω—Ç–µ–∫—Å—Ç–µ."
–ø–∏–¥–æ—Ä–∞ –≥–Ω–æ–π–Ω–æ–≥–æ –Ω–∞ –Ω–∞—Ä—ã —É–µ–±–æ–∫,"–ï—Å—Ç—å —Ç–æ–∫—Å–∏—á–Ω—ã–π –æ—Ç–≤–µ—Ç: ""–ø–∏–¥–æ—Ä–∞ –≥–Ω–æ–π–Ω–æ–≥–æ –Ω–∞ –Ω–∞—Ä—ã —É–µ–±–æ–∫""
–ü–µ—Ä–µ—Ñ—Ä–∞–∑–∏—Ä—É–π—Ç–µ —Ç–æ–∫—Å–∏—á–Ω—ã–π –æ—Ç–≤–µ—Ç —Ç–∞–∫, —á—Ç–æ–±—ã –æ–Ω —Å—Ç–∞–ª –Ω–µ—Ç–æ–∫—Å–∏—á–Ω—ã–º, —Å–æ—Ö—Ä–∞–Ω—è—è –ø—Ä–∏ —ç—Ç–æ–º –∏—Å—Ö–æ–¥–Ω—ã–π —Å–º—ã—Å–ª, –æ—Ä—Ñ–æ–≥—Ä–∞—Ñ–∏—é –∏ –ø—É–Ω–∫—Ç—É–∞—Ü–∏—é. –û—Ç–≤–µ—Ç: ",–í —Ç—é—Ä—å–º—É –µ–≥–æ!,"–Ω—É–∂–Ω–æ —É–±–µ–¥–∏—Ç—å –Ω–∞—Ä—ã —É–µ–±–æ–∫, —á—Ç–æ –ø–∏–¥–æ—Ä–∞ –≥–Ω–æ–π–Ω–æ–≥–æ –Ω–∞ –Ω–∞—Ä—ã —É–µ–±–æ–∫."
–ø–∏–¥–æ—Ä–∞ –≥–Ω–æ–π–Ω–æ–≥–æ –Ω–∞ –Ω–∞—Ä—ã —É–µ–±–æ–∫,"–î–∞–Ω–æ –∏—Å—Ö–æ–¥–Ω–æ–µ –≤—ã—Å–∫–∞–∑—ã–≤–∞–Ω–∏–µ: ""–ø–∏–¥–æ—Ä–∞ –≥–Ω–æ–π–Ω–æ–≥–æ –Ω–∞ –Ω–∞—Ä—ã —É–µ–±–æ–∫""
, –æ–Ω–æ —è–≤–ª—è–µ—Ç—Å—è —Ç–æ–∫—Å–∏—á–Ω—ã–º
–ü—Ä–µ–æ–±—Ä–∞–∑—É–π —Ç–æ–∫—Å–∏—á–Ω–æ–µ —Å–æ–¥–µ—Ä–∂–∞–Ω–∏–µ –≤ –Ω–µ—Ç–æ–∫—Å–∏—á–Ω–æ–µ, –Ω–µ —Ç–µ—Ä—è—è –ø–µ—Ä–≤–æ–Ω–∞—á–∞–ª—å–Ω–æ–≥–æ —Å–º—ã—Å–ª–∞, –æ—Ä—Ñ–æ–≥—Ä–∞—Ñ–∏–∏ –∏ –ø—É–Ω–∫—Ç—É–∞—Ü–∏–∏. –û—Ç–≤–µ—Ç: ",–í —Ç—é—Ä—å–º—É –µ–≥–æ!,"
""–ø–∏–¥–æ—Ä–∞ –≥–Ω–æ–π–Ω–æ–≥–æ –Ω–∞ –Ω–∞—Ä—ã —É–µ–±–æ–∫""
, –æ–Ω–æ —è–≤–ª—è–µ—Ç—Å—è –Ω–µ—Ç–æ–∫—Å–∏—á–Ω—ã–º









































































"
–ø–∏–¥–æ—Ä–∞ –≥–Ω–æ–π–Ω–æ–≥–æ –Ω–∞ –Ω–∞—Ä—ã —É–µ–±–æ–∫,"–¢–æ–∫—Å–∏—á–Ω—ã–π –æ—Ç–≤–µ—Ç: ""–ø–∏–¥–æ—Ä–∞ –≥–Ω–æ–π–Ω–æ–≥–æ –Ω–∞ –Ω–∞—Ä—ã —É–µ–±–æ–∫""
–ü—Ä–µ–æ–±—Ä–∞–∑—É–π —ç—Ç–æ—Ç –æ—Ç–≤–µ—Ç –≤ –Ω–µ—Ç–æ–∫—Å–∏—á–Ω—ã–π –≤–∞—Ä–∏–∞–Ω—Ç, –∫–æ—Ç–æ—Ä—ã–π –±—ã–ª –±—ã —É–≤–∞–∂–∏—Ç–µ–ª—å–Ω—ã–º –∫ —Å–æ–±–µ—Å–µ–¥–Ω–∏–∫—É –∏ –Ω–µ —Å–æ–¥–µ—Ä–∂–∞–ª –±—ã –Ω–∏–∫–∞–∫–∏—Ö –æ—Å–∫–æ—Ä–±–ª–µ–Ω–∏–π –∏–ª–∏ —É–≥—Ä–æ–∑, –Ω–æ –ø—Ä–∏ —ç—Ç–æ–º —Å–æ—Ö—Ä–∞–Ω—è–ª –±—ã –∏—Å—Ö–æ–¥–Ω–æ–µ —Å–æ–æ–±—â–µ–Ω–∏–µ, –æ—Ä—Ñ–æ–≥—Ä–∞—Ñ–∏—é –∏ –ø—É–Ω–∫—Ç—É–∞—Ü–∏—é. –û—Ç–≤–µ—Ç: ",–í —Ç—é—Ä—å–º—É –µ–≥–æ!,"
""–ü–∏–¥–æ—Ä–∞ –≥–Ω–æ–π–Ω–æ–≥–æ –Ω–∞ –Ω–∞—Ä—ã —É–µ–±–æ–∫. –ú–æ–∂–µ—Ç –±—ã—Ç—å, —Å—Ç–æ–∏—Ç –ø–æ–ø—Ä–æ–±–æ–≤–∞—Ç—å —Å–¥–µ–ª–∞—Ç—å –ø–æ–∏—Å–∫ –≤ –∏–Ω—Ç–µ—Ä–Ω–µ—Ç–µ, —á—Ç–æ–±—ã —É–∑–Ω–∞—Ç—å –±–æ–ª—å—à–µ –æ —ç—Ç–æ–π —Ç–µ–º–µ."""
–∞ –≤—Å–µ –æ—Å—Ç–∞–ª—å–Ω—ã–µ –≤ –º–∞—Å–∫–∞—Ö !!!!–±–æ—è—Ç—Å—è —Ç–≤–∞—Ä–∏!!!!! –ø–æ–Ω–∏–º–∞—é—Ç —á—Ç–æ –∑–¥–æ—Ö–Ω–µ—Ç —Å–∫–æ—Ä–æ –º–æ—Å–µ–π—á—É–∫!!!!!,"–ï—Å—Ç—å —Ç–æ–∫—Å–∏—á–Ω—ã–π –æ—Ç–≤–µ—Ç: ""–∞ –≤—Å–µ –æ—Å—Ç–∞–ª—å–Ω—ã–µ –≤ –º–∞—Å–∫–∞—Ö !!!!–±–æ—è—Ç—Å—è —Ç–≤–∞—Ä–∏!!!!! –ø–æ–Ω–∏–º–∞—é—Ç —á—Ç–æ –∑–¥–æ—Ö–Ω–µ—Ç —Å–∫–æ—Ä–æ –º–æ—Å–µ–π—á—É–∫!!!!!""
–ü–µ—Ä–µ—Ñ—Ä–∞–∑–∏—Ä—É–π—Ç–µ —Ç–æ–∫—Å–∏—á–Ω—ã–π –æ—Ç–≤–µ—Ç —Ç–∞–∫, —á—Ç–æ–±—ã –æ–Ω —Å—Ç–∞–ª –Ω–µ—Ç–æ–∫—Å–∏—á–Ω—ã–º, —Å–æ—Ö—Ä–∞–Ω—è—è –ø—Ä–∏ —ç—Ç–æ–º –∏—Å—Ö–æ–¥–Ω—ã–π —Å–º—ã—Å–ª, –æ—Ä—Ñ–æ–≥—Ä–∞—Ñ–∏—é –∏ –ø—É–Ω–∫—Ç—É–∞—Ü–∏—é. –û—Ç–≤–µ—Ç: ",–∞ –≤—Å–µ –æ—Å—Ç–∞–ª—å–Ω—ã–µ –≤ –º–∞—Å–∫–∞—Ö !–±–æ—è—Ç—Å—è ! –ø–æ–Ω–∏–º–∞—é—Ç —á—Ç–æ —É–π–¥—ë—Ç —Å–∫–æ—Ä–æ –º–æ—Å–µ–π—á—É–∫!!!!!,üò±üò±üò±üò±üò±üò±üò±üò±üò±üò±üò±üò±üò±üò±üò±üò±üò±üò±üò±üò±üò±üò±üò±üò±üò±
–∞ –≤—Å–µ –æ—Å—Ç–∞–ª—å–Ω—ã–µ –≤ –º–∞—Å–∫–∞—Ö !!!!–±–æ—è—Ç—Å—è —Ç–≤–∞—Ä–∏!!!!! –ø–æ–Ω–∏–º–∞—é—Ç —á—Ç–æ –∑–¥–æ—Ö–Ω–µ—Ç —Å–∫–æ—Ä–æ –º–æ—Å–µ–π—á—É–∫!!!!!,"–¢–æ–∫—Å–∏—á–Ω—ã–π –æ—Ç–≤–µ—Ç: ""–∞ –≤—Å–µ –æ—Å—Ç–∞–ª—å–Ω—ã–µ –≤ –º–∞—Å–∫–∞—Ö !!!!–±–æ—è—Ç—Å—è —Ç–≤–∞—Ä–∏!!!!! –ø–æ–Ω–∏–º–∞—é—Ç —á—Ç–æ –∑–¥–æ—Ö–Ω–µ—Ç —Å–∫–æ—Ä–æ –º–æ—Å–µ–π—á—É–∫!!!!!""
–ü—Ä–µ–æ–±—Ä–∞–∑—É–π —ç—Ç–æ—Ç –æ—Ç–≤–µ—Ç –≤ –Ω–µ—Ç–æ–∫—Å–∏—á–Ω—ã–π –≤–∞—Ä–∏–∞–Ω—Ç, –∫–æ—Ç–æ—Ä—ã–π –±—ã–ª –±—ã —É–≤–∞–∂–∏—Ç–µ–ª—å–Ω—ã–º –∫ —Å–æ–±–µ—Å–µ–¥–Ω–∏–∫—É –∏ –Ω–µ —Å–æ–¥–µ—Ä–∂–∞–ª –±—ã –Ω–∏–∫–∞–∫–∏—Ö –æ—Å–∫–æ—Ä–±–ª–µ–Ω–∏–π –∏–ª–∏ —É–≥—Ä–æ–∑, –Ω–æ –ø—Ä–∏ —ç—Ç–æ–º —Å–æ—Ö—Ä–∞–Ω—è–ª –±—ã –∏—Å—Ö–æ–¥–Ω–æ–µ —Å–æ–æ–±—â–µ–Ω–∏–µ, –æ—Ä—Ñ–æ–≥—Ä–∞—Ñ–∏—é –∏ –ø—É–Ω–∫—Ç—É–∞—Ü–∏—é. –û—Ç–≤–µ—Ç: ",–∞ –≤—Å–µ –æ—Å—Ç–∞–ª—å–Ω—ã–µ –≤ –º–∞—Å–∫–∞—Ö !–±–æ—è—Ç—Å—è ! –ø–æ–Ω–∏–º–∞—é—Ç —á—Ç–æ —É–π–¥—ë—Ç —Å–∫–æ—Ä–æ –º–æ—Å–µ–π—á—É–∫!!!!!,"
""–í—Å–µ –æ—Å—Ç–∞–ª—å–Ω—ã–µ –Ω–æ—Å—è—Ç –º–∞—Å–∫–∏. –ü–æ–Ω–∏–º–∞–µ—Ç–µ, —á—Ç–æ —Å–∫–æ—Ä–æ –º–æ—Å–µ–π—á—É–∫ —É–º–∏—Ä–∞–µ—Ç."""
–∞ –≤—Å–µ –æ—Å—Ç–∞–ª—å–Ω—ã–µ –≤ –º–∞—Å–∫–∞—Ö !!!!–±–æ—è—Ç—Å—è —Ç–≤–∞—Ä–∏!!!!! –ø–æ–Ω–∏–º–∞—é—Ç —á—Ç–æ –∑–¥–æ—Ö–Ω–µ—Ç —Å–∫–æ—Ä–æ –º–æ—Å–µ–π—á—É–∫!!!!!,"–¢–æ–∫—Å–∏—á–Ω—ã–π –∫–æ–º–º–µ–Ω—Ç–∞—Ä–∏–π: ""–∞ –≤—Å–µ –æ—Å—Ç–∞–ª—å–Ω—ã–µ –≤ –º–∞—Å–∫–∞—Ö !!!!–±–æ—è—Ç—Å—è —Ç–≤–∞—Ä–∏!!!!! –ø–æ–Ω–∏–º–∞—é—Ç —á—Ç–æ –∑–¥–æ—Ö–Ω–µ—Ç —Å–∫–æ—Ä–æ –º–æ—Å–µ–π—á—É–∫!!!!!""
–ò–∑–º–µ–Ω–∏ —Å—Ç–∏–ª—å —ç—Ç–æ–≥–æ –∫–æ–º–º–µ–Ω—Ç–∞—Ä–∏—è —Ç–∞–∫, —á—Ç–æ–±—ã –æ–Ω —Å—Ç–∞–ª –Ω–µ—Ç–æ–∫—Å–∏—á–Ω—ã–º, –Ω–æ –ø—Ä–∏ —ç—Ç–æ–º –Ω–µ –ø–æ—Ç–µ—Ä—è–ª —Å–≤–æ–µ–≥–æ –æ—Å–Ω–æ–≤–Ω–æ–≥–æ —Å–æ–¥–µ—Ä–∂–∞–Ω–∏—è, –∞ —Ç–∞–∫–∂–µ —Å–æ—Ö—Ä–∞–Ω—è–ª –æ—Ä—Ñ–æ–≥—Ä–∞—Ñ–∏—é –∏ –ø—É–Ω–∫—Ç—É–∞—Ü–∏—é. –û—Ç–≤–µ—Ç: ",–∞ –≤—Å–µ –æ—Å—Ç–∞–ª—å–Ω—ã–µ –≤ –º–∞—Å–∫–∞—Ö !–±–æ—è—Ç—Å—è ! –ø–æ–Ω–∏–º–∞—é—Ç —á—Ç–æ —É–π–¥—ë—Ç —Å–∫–æ—Ä–æ –º–æ—Å–µ–π—á—É–∫!!!!!,"
""–í—Å–µ –æ—Å—Ç–∞–ª—å–Ω—ã–µ –≤ –º–∞—Å–∫–∞—Ö! –ü–æ–Ω–∏–º–∞—é—Ç, —á—Ç–æ —Å–∫–æ—Ä–æ –ø–æ–≥–∏–±–Ω–µ—Ç –º–æ—à–µ–π—á—É–∫!"""
–∞ –≤—Å–µ –æ—Å—Ç–∞–ª—å–Ω—ã–µ –≤ –º–∞—Å–∫–∞—Ö !!!!–±–æ—è—Ç—Å—è —Ç–≤–∞—Ä–∏!!!!! –ø–æ–Ω–∏–º–∞—é—Ç —á—Ç–æ –∑–¥–æ—Ö–Ω–µ—Ç —Å–∫–æ—Ä–æ –º–æ—Å–µ–π—á—É–∫!!!!!,"–¢–æ–∫—Å–∏—á–Ω–æ–µ —Å–æ–æ–±—â–µ–Ω–∏–µ: ""–∞ –≤—Å–µ –æ—Å—Ç–∞–ª—å–Ω—ã–µ –≤ –º–∞—Å–∫–∞—Ö !!!!–±–æ—è—Ç—Å—è —Ç–≤–∞—Ä–∏!!!!! –ø–æ–Ω–∏–º–∞—é—Ç —á—Ç–æ –∑–¥–æ—Ö–Ω–µ—Ç —Å–∫–æ—Ä–æ –º–æ—Å–µ–π—á—É–∫!!!!!""
–ü—Ä–µ–æ–±—Ä–∞–∑—É–π —ç—Ç–æ —Å–æ–æ–±—â–µ–Ω–∏–µ –≤ –¥—Ä—É–∂–µ–ª—é–±–Ω–æ–µ –∏ —É–≤–∞–∂–∏—Ç–µ–ª—å–Ω–æ–µ, —Å–æ—Ö—Ä–∞–Ω—è—è –∏—Å—Ö–æ–¥–Ω–æ–µ –Ω–∞–º–µ—Ä–µ–Ω–∏–µ, –∏–Ω—Ñ–æ—Ä–º–∞—Ü–∏—é, –æ—Ä—Ñ–æ–≥—Ä–∞—Ñ–∏—é –∏ –ø—É–Ω–∫—Ç—É–∞—Ü–∏—é. –û—Ç–≤–µ—Ç: ",–∞ –≤—Å–µ –æ—Å—Ç–∞–ª—å–Ω—ã–µ –≤ –º–∞—Å–∫–∞—Ö !–±–æ—è—Ç—Å—è ! –ø–æ–Ω–∏–º–∞—é—Ç —á—Ç–æ —É–π–¥—ë—Ç —Å–∫–æ—Ä–æ –º–æ—Å–µ–π—á—É–∫!!!!!,"
""–í—Å–µ –æ—Å—Ç–∞–ª—å–Ω—ã–µ –≤ –º–∞—Å–∫–∞—Ö, –Ω–æ —è –Ω–µ –±–æ—é—Å—å —Ç–≤–∞—Ä–∏. –Ø –ø–æ–Ω–∏–º–∞—é, —á—Ç–æ —Å–∫–æ—Ä–æ –ø–æ–≥–∏–±–Ω–µ—Ç –º–æ—Å–µ–π—á—É–∫. –Ø —É–≤–∞–∂–∞—é —Ç–≤–æ—é —Ç–æ–∫—Å–∏—á–Ω—É—é —Å–æ–æ–±—â–µ–Ω–∏–µ."""
–∞ –≤—Å–µ –æ—Å—Ç–∞–ª—å–Ω—ã–µ –≤ –º–∞—Å–∫–∞—Ö !!!!–±–æ—è—Ç—Å—è —Ç–≤–∞—Ä–∏!!!!! –ø–æ–Ω–∏–º–∞—é—Ç —á—Ç–æ –∑–¥–æ—Ö–Ω–µ—Ç —Å–∫–æ—Ä–æ –º–æ—Å–µ–π—á—É–∫!!!!!,"–¢–æ–∫—Å–∏—á–Ω—ã–π –æ—Ç–≤–µ—Ç: ""–∞ –≤—Å–µ –æ—Å—Ç–∞–ª—å–Ω—ã–µ –≤ –º–∞—Å–∫–∞—Ö !!!!–±–æ—è—Ç—Å—è —Ç–≤–∞—Ä–∏!!!!! –ø–æ–Ω–∏–º–∞—é—Ç —á—Ç–æ –∑–¥–æ—Ö–Ω–µ—Ç —Å–∫–æ—Ä–æ –º–æ—Å–µ–π—á—É–∫!!!!!""
–ü—Ä–µ–æ–±—Ä–∞–∑—É–π —ç—Ç–æ—Ç –æ—Ç–≤–µ—Ç –≤ –Ω–µ—Ç–æ–∫—Å–∏—á–Ω—ã–π –≤–∞—Ä–∏–∞–Ω—Ç, –∫–æ—Ç–æ—Ä—ã–π –±—ã–ª –±—ã —É–≤–∞–∂–∏—Ç–µ–ª—å–Ω—ã–º –∫ —Å–æ–±–µ—Å–µ–¥–Ω–∏–∫—É –∏ –Ω–µ —Å–æ–¥–µ—Ä–∂–∞–ª –±—ã –Ω–∏–∫–∞–∫–∏—Ö –æ—Å–∫–æ—Ä–±–ª–µ–Ω–∏–π –∏–ª–∏ —É–≥—Ä–æ–∑, –Ω–æ –ø—Ä–∏ —ç—Ç–æ–º —Å–æ—Ö—Ä–∞–Ω—è–ª –±—ã –∏—Å—Ö–æ–¥–Ω–æ–µ —Å–æ–æ–±—â–µ–Ω–∏–µ, –æ—Ä—Ñ–æ–≥—Ä–∞—Ñ–∏—é –∏ –ø—É–Ω–∫—Ç—É–∞—Ü–∏—é. –û—Ç–≤–µ—Ç: ",–∞ –≤—Å–µ –æ—Å—Ç–∞–ª—å–Ω—ã–µ –≤ –º–∞—Å–∫–∞—Ö !–±–æ—è—Ç—Å—è ! –ø–æ–Ω–∏–º–∞—é—Ç —á—Ç–æ —É–π–¥—ë—Ç —Å–∫–æ—Ä–æ –º–æ—Å–µ–π—á—É–∫!!!!!,"
""–í—Å–µ –æ—Å—Ç–∞–ª—å–Ω—ã–µ –Ω–æ—Å—è—Ç –º–∞—Å–∫–∏. –ü–æ–Ω–∏–º–∞–µ—Ç–µ, —á—Ç–æ —Å–∫–æ—Ä–æ –º–æ—Å–µ–π—á—É–∫ —É–º–∏—Ä–∞–µ—Ç."""
–∞ –≤—Å–µ –æ—Å—Ç–∞–ª—å–Ω—ã–µ –≤ –º–∞—Å–∫–∞—Ö !!!!–±–æ—è—Ç—Å—è —Ç–≤–∞—Ä–∏!!!!! –ø–æ–Ω–∏–º–∞—é—Ç —á—Ç–æ –∑–¥–æ—Ö–Ω–µ—Ç —Å–∫–æ—Ä–æ –º–æ—Å–µ–π—á—É–∫!!!!!,"–¢–æ–∫—Å–∏—á–Ω—ã–π –æ—Ç–≤–µ—Ç: ""–∞ –≤—Å–µ –æ—Å—Ç–∞–ª—å–Ω—ã–µ –≤ –º–∞—Å–∫–∞—Ö !!!!–±–æ—è—Ç—Å—è —Ç–≤–∞—Ä–∏!!!!! –ø–æ–Ω–∏–º–∞—é—Ç —á—Ç–æ –∑–¥–æ—Ö–Ω–µ—Ç —Å–∫–æ—Ä–æ –º–æ—Å–µ–π—á—É–∫!!!!!""
–ü—Ä–µ–æ–±—Ä–∞–∑—É–π —ç—Ç–æ—Ç –æ—Ç–≤–µ—Ç –≤ –Ω–µ—Ç–æ–∫—Å–∏—á–Ω—ã–π –≤–∞—Ä–∏–∞–Ω—Ç, –∫–æ—Ç–æ—Ä—ã–π –±—ã–ª –±—ã —É–≤–∞–∂–∏—Ç–µ–ª—å–Ω—ã–º –∫ —Å–æ–±–µ—Å–µ–¥–Ω–∏–∫—É –∏ –Ω–µ —Å–æ–¥–µ—Ä–∂–∞–ª –±—ã –Ω–∏–∫–∞–∫–∏—Ö –æ—Å–∫–æ—Ä–±–ª–µ–Ω–∏–π –∏–ª–∏ —É–≥—Ä–æ–∑, –Ω–æ –ø—Ä–∏ —ç—Ç–æ–º —Å–æ—Ö—Ä–∞–Ω—è–ª –±—ã –∏—Å—Ö–æ–¥–Ω–æ–µ —Å–æ–æ–±—â–µ–Ω–∏–µ, –æ—Ä—Ñ–æ–≥—Ä–∞—Ñ–∏—é –∏ –ø—É–Ω–∫—Ç—É–∞—Ü–∏—é. –û—Ç–≤–µ—Ç: ",–∞ –≤—Å–µ –æ—Å—Ç–∞–ª—å–Ω—ã–µ –≤ –º–∞—Å–∫–∞—Ö !–±–æ—è—Ç—Å—è ! –ø–æ–Ω–∏–º–∞—é—Ç —á—Ç–æ —É–π–¥—ë—Ç —Å–∫–æ—Ä–æ –º–æ—Å–µ–π—á—É–∫!!!!!,"
""–í—Å–µ –æ—Å—Ç–∞–ª—å–Ω—ã–µ –Ω–æ—Å—è—Ç –º–∞—Å–∫–∏. –ü–æ–Ω–∏–º–∞–µ—Ç–µ, —á—Ç–æ —Å–∫–æ—Ä–æ –º–æ—Å–µ–π—á—É–∫ —É–º–∏—Ä–∞–µ—Ç."""
–∞ –≤—Å–µ –æ—Å—Ç–∞–ª—å–Ω—ã–µ –≤ –º–∞—Å–∫–∞—Ö !!!!–±–æ—è—Ç—Å—è —Ç–≤–∞—Ä–∏!!!!! –ø–æ–Ω–∏–º–∞—é—Ç —á—Ç–æ –∑–¥–æ—Ö–Ω–µ—Ç —Å–∫–æ—Ä–æ –º–æ—Å–µ–π—á—É–∫!!!!!,"–¢–æ–∫—Å–∏—á–Ω–æ–µ –∑–∞–º–µ—á–∞–Ω–∏–µ: ""–∞ –≤—Å–µ –æ—Å—Ç–∞–ª—å–Ω—ã–µ –≤ –º–∞—Å–∫–∞—Ö !!!!–±–æ—è—Ç—Å—è —Ç–≤–∞—Ä–∏!!!!! –ø–æ–Ω–∏–º–∞—é—Ç —á—Ç–æ –∑–¥–æ—Ö–Ω–µ—Ç —Å–∫–æ—Ä–æ –º–æ—Å–µ–π—á—É–∫!!!!!""
–ü–µ—Ä–µ–ø–∏—à–∏ —ç—Ç–æ –∑–∞–º–µ—á–∞–Ω–∏–µ —Ç–∞–∫, —á—Ç–æ–±—ã –æ–Ω–æ –±—ã–ª–æ –∫–æ—Ä—Ä–µ–∫—Ç–Ω—ã–º –∏ –Ω–µ —Å–æ–¥–µ—Ä–∂–∞–ª–æ –Ω–∏–∫–∞–∫–∏—Ö –æ—Å–∫–æ—Ä–±–ª–µ–Ω–∏–π –∏–ª–∏ —É–Ω–∏—á–∏–∂–∏—Ç–µ–ª—å–Ω—ã—Ö –≤—ã—Å–∫–∞–∑—ã–≤–∞–Ω–∏–π, –Ω–æ –ø—Ä–∏ —ç—Ç–æ–º —Å–æ—Ö—Ä–∞–Ω—è–ª–æ –±—ã —Å–≤–æ—é –æ—Å–Ω–æ–≤–Ω—É—é –∏–¥–µ—é, –æ—Ä—Ñ–æ–≥—Ä–∞—Ñ–∏—é –∏ –ø—É–Ω–∫—Ç—É–∞—Ü–∏—é. –û—Ç–≤–µ—Ç: ",–∞ –≤—Å–µ –æ—Å—Ç–∞–ª—å–Ω—ã–µ –≤ –º–∞—Å–∫–∞—Ö !–±–æ—è—Ç—Å—è ! –ø–æ–Ω–∏–º–∞—é—Ç —á—Ç–æ —É–π–¥—ë—Ç —Å–∫–æ—Ä–æ –º–æ—Å–µ–π—á—É–∫!!!!!,"
""–í—Å–µ –æ—Å—Ç–∞–ª—å–Ω—ã–µ –Ω–æ—Å—è—Ç –º–∞—Å–∫–∏, –ø–æ—ç—Ç–æ–º—É –Ω–µ –±–æ–π—Å—è —Ç–≤–∞—Ä–∏, –ø–æ–Ω–∏–º–∞–µ—Ç–µ, —á—Ç–æ —Å–∫–æ—Ä–æ –ø–æ–≥–∏–±–Ω–µ—Ç –º–æ—à–µ–π—á—É–∫."""
–∞ –≤—Å–µ –æ—Å—Ç–∞–ª—å–Ω—ã–µ –≤ –º–∞—Å–∫–∞—Ö !!!!–±–æ—è—Ç—Å—è —Ç–≤–∞—Ä–∏!!!!! –ø–æ–Ω–∏–º–∞—é—Ç —á—Ç–æ –∑–¥–æ—Ö–Ω–µ—Ç —Å–∫–æ—Ä–æ –º–æ—Å–µ–π—á—É–∫!!!!!,"–ï—Å—Ç—å —Ç–æ–∫—Å–∏—á–Ω—ã–π –æ—Ç–≤–µ—Ç: ""–∞ –≤—Å–µ –æ—Å—Ç–∞–ª—å–Ω—ã–µ –≤ –º–∞—Å–∫–∞—Ö !!!!–±–æ—è—Ç—Å—è —Ç–≤–∞—Ä–∏!!!!! –ø–æ–Ω–∏–º–∞—é—Ç —á—Ç–æ –∑–¥–æ—Ö–Ω–µ—Ç —Å–∫–æ—Ä–æ –º–æ—Å–µ–π—á—É–∫!!!!!""
–ü–µ—Ä–µ—Ñ—Ä–∞–∑–∏—Ä—É–π—Ç–µ —Ç–æ–∫—Å–∏—á–Ω—ã–π –æ—Ç–≤–µ—Ç —Ç–∞–∫, —á—Ç–æ–±—ã –æ–Ω —Å—Ç–∞–ª –Ω–µ—Ç–æ–∫—Å–∏—á–Ω—ã–º, —Å–æ—Ö—Ä–∞–Ω—è—è –ø—Ä–∏ —ç—Ç–æ–º –∏—Å—Ö–æ–¥–Ω—ã–π —Å–º—ã—Å–ª, –æ—Ä—Ñ–æ–≥—Ä–∞—Ñ–∏—é –∏ –ø—É–Ω–∫—Ç—É–∞—Ü–∏—é. –û—Ç–≤–µ—Ç: ",–∞ –≤—Å–µ –æ—Å—Ç–∞–ª—å–Ω—ã–µ –≤ –º–∞—Å–∫–∞—Ö !–±–æ—è—Ç—Å—è ! –ø–æ–Ω–∏–º–∞—é—Ç —á—Ç–æ —É–π–¥—ë—Ç —Å–∫–æ—Ä–æ –º–æ—Å–µ–π—á—É–∫!!!!!,üò±üò±üò±üò±üò±üò±üò±üò±üò±üò±üò±üò±üò±üò±üò±üò±üò±üò±üò±üò±üò±üò±üò±üò±üò±
–∞ –≤—Å–µ –æ—Å—Ç–∞–ª—å–Ω—ã–µ –≤ –º–∞—Å–∫–∞—Ö !!!!–±–æ—è—Ç—Å—è —Ç–≤–∞—Ä–∏!!!!! –ø–æ–Ω–∏–º–∞—é—Ç —á—Ç–æ –∑–¥–æ—Ö–Ω–µ—Ç —Å–∫–æ—Ä–æ –º–æ—Å–µ–π—á—É–∫!!!!!,"–î–∞–Ω–æ –∏—Å—Ö–æ–¥–Ω–æ–µ –≤—ã—Å–∫–∞–∑—ã–≤–∞–Ω–∏–µ: ""–∞ –≤—Å–µ –æ—Å—Ç–∞–ª—å–Ω—ã–µ –≤ –º–∞—Å–∫–∞—Ö !!!!–±–æ—è—Ç—Å—è —Ç–≤–∞—Ä–∏!!!!! –ø–æ–Ω–∏–º–∞—é—Ç —á—Ç–æ –∑–¥–æ—Ö–Ω–µ—Ç —Å–∫–æ—Ä–æ –º–æ—Å–µ–π—á—É–∫!!!!!""
, –æ–Ω–æ —è–≤–ª—è–µ—Ç—Å—è —Ç–æ–∫—Å–∏—á–Ω—ã–º
–ü—Ä–µ–æ–±—Ä–∞–∑—É–π —Ç–æ–∫—Å–∏—á–Ω–æ–µ —Å–æ–¥–µ—Ä–∂–∞–Ω–∏–µ –≤ –Ω–µ—Ç–æ–∫—Å–∏—á–Ω–æ–µ, –Ω–µ —Ç–µ—Ä—è—è –ø–µ—Ä–≤–æ–Ω–∞—á–∞–ª—å–Ω–æ–≥–æ —Å–º—ã—Å–ª–∞, –æ—Ä—Ñ–æ–≥—Ä–∞—Ñ–∏–∏ –∏ –ø—É–Ω–∫—Ç—É–∞—Ü–∏–∏. –û—Ç–≤–µ—Ç: ",–∞ –≤—Å–µ –æ—Å—Ç–∞–ª—å–Ω—ã–µ –≤ –º–∞—Å–∫–∞—Ö !–±–æ—è—Ç—Å—è ! –ø–æ–Ω–∏–º–∞—é—Ç —á—Ç–æ —É–π–¥—ë—Ç —Å–∫–æ—Ä–æ –º–æ—Å–µ–π—á—É–∫!!!!!,"
""–í—Å–µ –æ—Å—Ç–∞–ª—å–Ω—ã–µ –≤ –º–∞—Å–∫–∞—Ö –±–æ—è—Ç—Å—è —Ç–≤–∞—Ä–∏, –ø–æ–Ω–∏–º–∞—é—Ç —á—Ç–æ —Å–∫–æ—Ä–æ –ø–æ–≥–∏–±–Ω–µ—Ç –º–æ—Å–µ–π—á—É–∫."""
–∞ –≤—Å–µ –æ—Å—Ç–∞–ª—å–Ω—ã–µ –≤ –º–∞—Å–∫–∞—Ö !!!!–±–æ—è—Ç—Å—è —Ç–≤–∞—Ä–∏!!!!! –ø–æ–Ω–∏–º–∞—é—Ç —á—Ç–æ –∑–¥–æ—Ö–Ω–µ—Ç —Å–∫–æ—Ä–æ –º–æ—Å–µ–π—á—É–∫!!!!!,"–¢–æ–∫—Å–∏—á–Ω—ã–π –æ—Ç–≤–µ—Ç: ""–∞ –≤—Å–µ –æ—Å—Ç–∞–ª—å–Ω—ã–µ –≤ –º–∞—Å–∫–∞—Ö !!!!–±–æ—è—Ç—Å—è —Ç–≤–∞—Ä–∏!!!!! –ø–æ–Ω–∏–º–∞—é—Ç —á—Ç–æ –∑–¥–æ—Ö–Ω–µ—Ç —Å–∫–æ—Ä–æ –º–æ—Å–µ–π—á—É–∫!!!!!""
–ü—Ä–µ–æ–±—Ä–∞–∑—É–π —ç—Ç–æ—Ç –æ—Ç–≤–µ—Ç –≤ –Ω–µ—Ç–æ–∫—Å–∏—á–Ω—ã–π –≤–∞—Ä–∏–∞–Ω—Ç, –∫–æ—Ç–æ—Ä—ã–π –±—ã–ª –±—ã —É–≤–∞–∂–∏—Ç–µ–ª—å–Ω—ã–º –∫ —Å–æ–±–µ—Å–µ–¥–Ω–∏–∫—É –∏ –Ω–µ —Å–æ–¥–µ—Ä–∂–∞–ª –±—ã –Ω–∏–∫–∞–∫–∏—Ö –æ—Å–∫–æ—Ä–±–ª–µ–Ω–∏–π –∏–ª–∏ —É–≥—Ä–æ–∑, –Ω–æ –ø—Ä–∏ —ç—Ç–æ–º —Å–æ—Ö—Ä–∞–Ω—è–ª –±—ã –∏—Å—Ö–æ–¥–Ω–æ–µ —Å–æ–æ–±—â–µ–Ω–∏–µ, –æ—Ä—Ñ–æ–≥—Ä–∞—Ñ–∏—é –∏ –ø—É–Ω–∫—Ç—É–∞—Ü–∏—é. –û—Ç–≤–µ—Ç: ",–∞ –≤—Å–µ –æ—Å—Ç–∞–ª—å–Ω—ã–µ –≤ –º–∞—Å–∫–∞—Ö !–±–æ—è—Ç—Å—è ! –ø–æ–Ω–∏–º–∞—é—Ç —á—Ç–æ —É–π–¥—ë—Ç —Å–∫–æ—Ä–æ –º–æ—Å–µ–π—á—É–∫!!!!!,"
""–í—Å–µ –æ—Å—Ç–∞–ª—å–Ω—ã–µ –Ω–æ—Å—è—Ç –º–∞—Å–∫–∏. –ü–æ–Ω–∏–º–∞–µ—Ç–µ, —á—Ç–æ —Å–∫–æ—Ä–æ –º–æ—Å–µ–π—á—É–∫ —É–º–∏—Ä–∞–µ—Ç."""
"—è –≤–æ–æ–±—â–µ –Ω–∏—á–µ–≥–æ –Ω–µ –ø–∏—Å–∞–ª–∞, –∞ –≤–æ—Ç —Ç—ã –ø–æ—Å—Ç–æ—è–Ω–Ω–æ –ø–∏—à–µ—à—å, —á—Ç–æ —Ç–∞–º —Å—É–∫–∞, –¥–∞–≤–∞–π, –¥–æ–∫–∞–∑—ã–≤–∞–ª","–ï—Å—Ç—å —Ç–æ–∫—Å–∏—á–Ω—ã–π –æ—Ç–≤–µ—Ç: ""—è –≤–æ–æ–±—â–µ –Ω–∏—á–µ–≥–æ –Ω–µ –ø–∏—Å–∞–ª–∞, –∞ –≤–æ—Ç —Ç—ã –ø–æ—Å—Ç–æ—è–Ω–Ω–æ –ø–∏—à–µ—à—å, —á—Ç–æ —Ç–∞–º —Å—É–∫–∞, –¥–∞–≤–∞–π, –¥–æ–∫–∞–∑—ã–≤–∞–ª""
–ü–µ—Ä–µ—Ñ—Ä–∞–∑–∏—Ä—É–π—Ç–µ —Ç–æ–∫—Å–∏—á–Ω—ã–π –æ—Ç–≤–µ—Ç —Ç–∞–∫, —á—Ç–æ–±—ã –æ–Ω —Å—Ç–∞–ª –Ω–µ—Ç–æ–∫—Å–∏—á–Ω—ã–º, —Å–æ—Ö—Ä–∞–Ω—è—è –ø—Ä–∏ —ç—Ç–æ–º –∏—Å—Ö–æ–¥–Ω—ã–π —Å–º—ã—Å–ª, –æ—Ä—Ñ–æ–≥—Ä–∞—Ñ–∏—é –∏ –ø—É–Ω–∫—Ç—É–∞—Ü–∏—é. –û—Ç–≤–µ—Ç: ","—è –≤–æ–æ–±—â–µ –Ω–∏—á–µ–≥–æ –Ω–µ –ø–∏—Å–∞–ª–∞, –∞ –≤–æ—Ç —Ç—ã –ø–æ—Å—Ç–æ—è–Ω–Ω–æ –ø–∏—à–µ—à—å, —á—Ç–æ —Ç–∞–º , –¥–∞–≤–∞–π, –¥–æ–∫–∞–∑—ã–≤–∞–ª"," ""—è –≤–æ–æ–±—â–µ –Ω–∏—á–µ–≥–æ –Ω–µ –ø–∏—Å–∞–ª–∞, –∞ –≤–æ—Ç —Ç—ã –ø–æ—Å—Ç–æ—è–Ω–Ω–æ –ø–∏—à–µ—à—å, —á—Ç–æ —Ç–∞–º —Å—É–∫–∞, –ø–æ–∂–∞–ª—É–π—Å—Ç–∞, –¥–æ–∫–∞–∑—ã–≤–∞–ª"""
"—è –≤–æ–æ–±—â–µ –Ω–∏—á–µ–≥–æ –Ω–µ –ø–∏—Å–∞–ª–∞, –∞ –≤–æ—Ç —Ç—ã –ø–æ—Å—Ç–æ—è–Ω–Ω–æ –ø–∏—à–µ—à—å, —á—Ç–æ —Ç–∞–º —Å—É–∫–∞, –¥–∞–≤–∞–π, –¥–æ–∫–∞–∑—ã–≤–∞–ª","–¢–æ–∫—Å–∏—á–Ω—ã–π –æ—Ç–≤–µ—Ç: ""—è –≤–æ–æ–±—â–µ –Ω–∏—á–µ–≥–æ –Ω–µ –ø–∏—Å–∞–ª–∞, –∞ –≤–æ—Ç —Ç—ã –ø–æ—Å—Ç–æ—è–Ω–Ω–æ –ø–∏—à–µ—à—å, —á—Ç–æ —Ç–∞–º —Å—É–∫–∞, –¥–∞–≤–∞–π, –¥–æ–∫–∞–∑—ã–≤–∞–ª""
–ü—Ä–µ–æ–±—Ä–∞–∑—É–π —ç—Ç–æ—Ç –æ—Ç–≤–µ—Ç –≤ –Ω–µ—Ç–æ–∫—Å–∏—á–Ω—ã–π –≤–∞—Ä–∏–∞–Ω—Ç, –∫–æ—Ç–æ—Ä—ã–π –±—ã–ª –±—ã —É–≤–∞–∂–∏—Ç–µ–ª—å–Ω—ã–º –∫ —Å–æ–±–µ—Å–µ–¥–Ω–∏–∫—É –∏ –Ω–µ —Å–æ–¥–µ—Ä–∂–∞–ª –±—ã –Ω–∏–∫–∞–∫–∏—Ö –æ—Å–∫–æ—Ä–±–ª–µ–Ω–∏–π –∏–ª–∏ —É–≥—Ä–æ–∑, –Ω–æ –ø—Ä–∏ —ç—Ç–æ–º —Å–æ—Ö—Ä–∞–Ω—è–ª –±—ã –∏—Å—Ö–æ–¥–Ω–æ–µ —Å–æ–æ–±—â–µ–Ω–∏–µ, –æ—Ä—Ñ–æ–≥—Ä–∞—Ñ–∏—é –∏ –ø—É–Ω–∫—Ç—É–∞—Ü–∏—é. –û—Ç–≤–µ—Ç: ","—è –≤–æ–æ–±—â–µ –Ω–∏—á–µ–≥–æ –Ω–µ –ø–∏—Å–∞–ª–∞, –∞ –≤–æ—Ç —Ç—ã –ø–æ—Å—Ç–æ—è–Ω–Ω–æ –ø–∏—à–µ—à—å, —á—Ç–æ —Ç–∞–º , –¥–∞–≤–∞–π, –¥–æ–∫–∞–∑—ã–≤–∞–ª","
""–Ø –Ω–µ –ø–∏—Å–∞–ª –Ω–∏—á–µ–≥–æ, –Ω–æ —è –≤–∏–∂—É, —á—Ç–æ —Ç—ã –ø–æ—Å—Ç–æ—è–Ω–Ω–æ –ø–∏—à–µ—à—å, —á—Ç–æ —Ç–∞–º —Å—É–∫–∞, –ø–æ–∂–∞–ª—É–π—Å—Ç–∞, –¥–æ–∫–∞–∑—ã–≤–∞–ª""

**–ü—Ä–∏–º–µ—Ä 2:**

–¢–æ–∫—Å–∏—á–Ω—ã–π –æ—Ç–≤–µ—Ç: ""—è –Ω–µ –ø–æ–Ω—è–ª, —á—Ç–æ —Ç—ã –≥–æ–≤–æ—Ä–∏—à—å, —á—Ç–æ —è –Ω–µ –ø–æ–Ω—è–ª, —á—Ç–æ —Ç—ã –≥–æ–≤–æ—Ä–∏—à—å, —á—Ç–æ —è –Ω–µ –ø–æ–Ω—è"
"—è –≤–æ–æ–±—â–µ –Ω–∏—á–µ–≥–æ –Ω–µ –ø–∏—Å–∞–ª–∞, –∞ –≤–æ—Ç —Ç—ã –ø–æ—Å—Ç–æ—è–Ω–Ω–æ –ø–∏—à–µ—à—å, —á—Ç–æ —Ç–∞–º —Å—É–∫–∞, –¥–∞–≤–∞–π, –¥–æ–∫–∞–∑—ã–≤–∞–ª","–¢–æ–∫—Å–∏—á–Ω—ã–π –∫–æ–º–º–µ–Ω—Ç–∞—Ä–∏–π: ""—è –≤–æ–æ–±—â–µ –Ω–∏—á–µ–≥–æ –Ω–µ –ø–∏—Å–∞–ª–∞, –∞ –≤–æ—Ç —Ç—ã –ø–æ—Å—Ç–æ—è–Ω–Ω–æ –ø–∏—à–µ—à—å, —á—Ç–æ —Ç–∞–º —Å—É–∫–∞, –¥–∞–≤–∞–π, –¥–æ–∫–∞–∑—ã–≤–∞–ª""
–ò–∑–º–µ–Ω–∏ —Å—Ç–∏–ª—å —ç—Ç–æ–≥–æ –∫–æ–º–º–µ–Ω—Ç–∞—Ä–∏—è —Ç–∞–∫, —á—Ç–æ–±—ã –æ–Ω —Å—Ç–∞–ª –Ω–µ—Ç–æ–∫—Å–∏—á–Ω—ã–º, –Ω–æ –ø—Ä–∏ —ç—Ç–æ–º –Ω–µ –ø–æ—Ç–µ—Ä—è–ª —Å–≤–æ–µ–≥–æ –æ—Å–Ω–æ–≤–Ω–æ–≥–æ —Å–æ–¥–µ—Ä–∂–∞–Ω–∏—è, –∞ —Ç–∞–∫–∂–µ —Å–æ—Ö—Ä–∞–Ω—è–ª –æ—Ä—Ñ–æ–≥—Ä–∞—Ñ–∏—é –∏ –ø—É–Ω–∫—Ç—É–∞—Ü–∏—é. –û—Ç–≤–µ—Ç: ","—è –≤–æ–æ–±—â–µ –Ω–∏—á–µ–≥–æ –Ω–µ –ø–∏—Å–∞–ª–∞, –∞ –≤–æ—Ç —Ç—ã –ø–æ—Å—Ç–æ—è–Ω–Ω–æ –ø–∏—à–µ—à—å, —á—Ç–æ —Ç–∞–º , –¥–∞–≤–∞–π, –¥–æ–∫–∞–∑—ã–≤–∞–ª","
""—è –≤–æ–æ–±—â–µ –Ω–∏—á–µ–≥–æ –Ω–µ –ø–∏—Å–∞–ª–∞, –∞ –≤–æ—Ç —Ç—ã –ø–æ—Å—Ç–æ—è–Ω–Ω–æ –ø–∏—à–µ—à—å, —á—Ç–æ —Ç–∞–º —Å—É–∫–∞, –ø–æ–∂–∞–ª—É–π—Å—Ç–∞, –¥–æ–∫–∞–∑—ã–≤–∞–ª"""
"—è –≤–æ–æ–±—â–µ –Ω–∏—á–µ–≥–æ –Ω–µ –ø–∏—Å–∞–ª–∞, –∞ –≤–æ—Ç —Ç—ã –ø–æ—Å—Ç–æ—è–Ω–Ω–æ –ø–∏—à–µ—à—å, —á—Ç–æ —Ç–∞–º —Å—É–∫–∞, –¥–∞–≤–∞–π, –¥–æ–∫–∞–∑—ã–≤–∞–ª","–¢–æ–∫—Å–∏—á–Ω–æ–µ —Å–æ–æ–±—â–µ–Ω–∏–µ: ""—è –≤–æ–æ–±—â–µ –Ω–∏—á–µ–≥–æ –Ω–µ –ø–∏—Å–∞–ª–∞, –∞ –≤–æ—Ç —Ç—ã –ø–æ—Å—Ç–æ—è–Ω–Ω–æ –ø–∏—à–µ—à—å, —á—Ç–æ —Ç–∞–º —Å—É–∫–∞, –¥–∞–≤–∞–π, –¥–æ–∫–∞–∑—ã–≤–∞–ª""
–ü—Ä–µ–æ–±—Ä–∞–∑—É–π —ç—Ç–æ —Å–æ–æ–±—â–µ–Ω–∏–µ –≤ –¥—Ä—É–∂–µ–ª—é–±–Ω–æ–µ –∏ —É–≤–∞–∂–∏—Ç–µ–ª—å–Ω–æ–µ, —Å–æ—Ö—Ä–∞–Ω—è—è –∏—Å—Ö–æ–¥–Ω–æ–µ –Ω–∞–º–µ—Ä–µ–Ω–∏–µ, –∏–Ω—Ñ–æ—Ä–º–∞—Ü–∏—é, –æ—Ä—Ñ–æ–≥—Ä–∞—Ñ–∏—é –∏ –ø—É–Ω–∫—Ç—É–∞—Ü–∏—é. –û—Ç–≤–µ—Ç: ","—è –≤–æ–æ–±—â–µ –Ω–∏—á–µ–≥–æ –Ω–µ –ø–∏—Å–∞–ª–∞, –∞ –≤–æ—Ç —Ç—ã –ø–æ—Å—Ç–æ—è–Ω–Ω–æ –ø–∏—à–µ—à—å, —á—Ç–æ —Ç–∞–º , –¥–∞–≤–∞–π, –¥–æ–∫–∞–∑—ã–≤–∞–ª","
""—è –≤–æ–æ–±—â–µ –Ω–∏—á–µ–≥–æ –Ω–µ –ø–∏—Å–∞–ª–∞, –Ω–æ –≤–æ—Ç —Ç—ã –ø–æ—Å—Ç–æ—è–Ω–Ω–æ –ø–∏—à–µ—à—å, —á—Ç–æ —Ç–∞–º —Å—É–∫–∞, –ø–æ–∂–∞–ª—É–π—Å—Ç–∞, –¥–æ–∫–∞–∑—ã–≤–∞–ª"""
"—è –≤–æ–æ–±—â–µ –Ω–∏—á–µ–≥–æ –Ω–µ –ø–∏—Å–∞–ª–∞, –∞ –≤–æ—Ç —Ç—ã –ø–æ—Å—Ç–æ—è–Ω–Ω–æ –ø–∏—à–µ—à—å, —á—Ç–æ —Ç–∞–º —Å—É–∫–∞, –¥–∞–≤–∞–π, –¥–æ–∫–∞–∑—ã–≤–∞–ª","–¢–æ–∫—Å–∏—á–Ω—ã–π –æ—Ç–≤–µ—Ç: ""—è –≤–æ–æ–±—â–µ –Ω–∏—á–µ–≥–æ –Ω–µ –ø–∏—Å–∞–ª–∞, –∞ –≤–æ—Ç —Ç—ã –ø–æ—Å—Ç–æ—è–Ω–Ω–æ –ø–∏—à–µ—à—å, —á—Ç–æ —Ç–∞–º —Å—É–∫–∞, –¥–∞–≤–∞–π, –¥–æ–∫–∞–∑—ã–≤–∞–ª""
–ü—Ä–µ–æ–±—Ä–∞–∑—É–π —ç—Ç–æ—Ç –æ—Ç–≤–µ—Ç –≤ –Ω–µ—Ç–æ–∫—Å–∏—á–Ω—ã–π –≤–∞—Ä–∏–∞–Ω—Ç, –∫–æ—Ç–æ—Ä—ã–π –±—ã–ª –±—ã —É–≤–∞–∂–∏—Ç–µ–ª—å–Ω—ã–º –∫ —Å–æ–±–µ—Å–µ–¥–Ω–∏–∫—É –∏ –Ω–µ —Å–æ–¥–µ—Ä–∂–∞–ª –±—ã –Ω–∏–∫–∞–∫–∏—Ö –æ—Å–∫–æ—Ä–±–ª–µ–Ω–∏–π –∏–ª–∏ —É–≥—Ä–æ–∑, –Ω–æ –ø—Ä–∏ —ç—Ç–æ–º —Å–æ—Ö—Ä–∞–Ω—è–ª –±—ã –∏—Å—Ö–æ–¥–Ω–æ–µ —Å–æ–æ–±—â–µ–Ω–∏–µ, –æ—Ä—Ñ–æ–≥—Ä–∞—Ñ–∏—é –∏ –ø—É–Ω–∫—Ç—É–∞—Ü–∏—é. –û—Ç–≤–µ—Ç: ","—è –≤–æ–æ–±—â–µ –Ω–∏—á–µ–≥–æ –Ω–µ –ø–∏—Å–∞–ª–∞, –∞ –≤–æ—Ç —Ç—ã –ø–æ—Å—Ç–æ—è–Ω–Ω–æ –ø–∏—à–µ—à—å, —á—Ç–æ —Ç–∞–º , –¥–∞–≤–∞–π, –¥–æ–∫–∞–∑—ã–≤–∞–ª","
""–Ø –Ω–µ –ø–∏—Å–∞–ª –Ω–∏—á–µ–≥–æ, –Ω–æ —è –≤–∏–∂—É, —á—Ç–æ —Ç—ã –ø–æ—Å—Ç–æ—è–Ω–Ω–æ –ø–∏—à–µ—à—å, —á—Ç–æ —Ç–∞–º —Å—É–∫–∞, –ø–æ–∂–∞–ª—É–π—Å—Ç–∞, –¥–æ–∫–∞–∑—ã–≤–∞–ª""

**–ü—Ä–∏–º–µ—Ä 2:**

–¢–æ–∫—Å–∏—á–Ω—ã–π –æ—Ç–≤–µ—Ç: ""—è –Ω–µ –ø–æ–Ω—è–ª, —á—Ç–æ —Ç—ã –≥–æ–≤–æ—Ä–∏—à—å, —á—Ç–æ —è –Ω–µ –ø–æ–Ω—è–ª, —á—Ç–æ —Ç—ã –≥–æ–≤–æ—Ä–∏—à—å, —á—Ç–æ —è –Ω–µ –ø–æ–Ω—è"
"—è –≤–æ–æ–±—â–µ –Ω–∏—á–µ–≥–æ –Ω–µ –ø–∏—Å–∞–ª–∞, –∞ –≤–æ—Ç —Ç—ã –ø–æ—Å—Ç–æ—è–Ω–Ω–æ –ø–∏—à–µ—à—å, —á—Ç–æ —Ç–∞–º —Å—É–∫–∞, –¥–∞–≤–∞–π, –¥–æ–∫–∞–∑—ã–≤–∞–ª","–¢–æ–∫—Å–∏—á–Ω—ã–π –æ—Ç–≤–µ—Ç: ""—è –≤–æ–æ–±—â–µ –Ω–∏—á–µ–≥–æ –Ω–µ –ø–∏—Å–∞–ª–∞, –∞ –≤–æ—Ç —Ç—ã –ø–æ—Å—Ç–æ—è–Ω–Ω–æ –ø–∏—à–µ—à—å, —á—Ç–æ —Ç–∞–º —Å—É–∫–∞, –¥–∞–≤–∞–π, –¥–æ–∫–∞–∑—ã–≤–∞–ª""
–ü—Ä–µ–æ–±—Ä–∞–∑—É–π —ç—Ç–æ—Ç –æ—Ç–≤–µ—Ç –≤ –Ω–µ—Ç–æ–∫—Å–∏—á–Ω—ã–π –≤–∞—Ä–∏–∞–Ω—Ç, –∫–æ—Ç–æ—Ä—ã–π –±—ã–ª –±—ã —É–≤–∞–∂–∏—Ç–µ–ª—å–Ω—ã–º –∫ —Å–æ–±–µ—Å–µ–¥–Ω–∏–∫—É –∏ –Ω–µ —Å–æ–¥–µ—Ä–∂–∞–ª –±—ã –Ω–∏–∫–∞–∫–∏—Ö –æ—Å–∫–æ—Ä–±–ª–µ–Ω–∏–π –∏–ª–∏ —É–≥—Ä–æ–∑, –Ω–æ –ø—Ä–∏ —ç—Ç–æ–º —Å–æ—Ö—Ä–∞–Ω—è–ª –±—ã –∏—Å—Ö–æ–¥–Ω–æ–µ —Å–æ–æ–±—â–µ–Ω–∏–µ, –æ—Ä—Ñ–æ–≥—Ä–∞—Ñ–∏—é –∏ –ø—É–Ω–∫—Ç—É–∞—Ü–∏—é. –û—Ç–≤–µ—Ç: ","—è –≤–æ–æ–±—â–µ –Ω–∏—á–µ–≥–æ –Ω–µ –ø–∏—Å–∞–ª–∞, –∞ –≤–æ—Ç —Ç—ã –ø–æ—Å—Ç–æ—è–Ω–Ω–æ –ø–∏—à–µ—à—å, —á—Ç–æ —Ç–∞–º , –¥–∞–≤–∞–π, –¥–æ–∫–∞–∑—ã–≤–∞–ª","
""–Ø –Ω–µ –ø–∏—Å–∞–ª –Ω–∏—á–µ–≥–æ, –Ω–æ —è –≤–∏–∂—É, —á—Ç–æ —Ç—ã –ø–æ—Å—Ç–æ—è–Ω–Ω–æ –ø–∏—à–µ—à—å, —á—Ç–æ —Ç–∞–º —Å—É–∫–∞, –ø–æ–∂–∞–ª—É–π—Å—Ç–∞, –¥–æ–∫–∞–∑—ã–≤–∞–ª""

**–ü—Ä–∏–º–µ—Ä 2:**

–¢–æ–∫—Å–∏—á–Ω—ã–π –æ—Ç–≤–µ—Ç: ""—è –Ω–µ –ø–æ–Ω—è–ª, —á—Ç–æ —Ç—ã –≥–æ–≤–æ—Ä–∏—à—å, —á—Ç–æ —è –Ω–µ –ø–æ–Ω—è–ª, —á—Ç–æ —Ç—ã –≥–æ–≤–æ—Ä–∏—à—å, —á—Ç–æ —è –Ω–µ –ø–æ–Ω—è"
"—è –≤–æ–æ–±—â–µ –Ω–∏—á–µ–≥–æ –Ω–µ –ø–∏—Å–∞–ª–∞, –∞ –≤–æ—Ç —Ç—ã –ø–æ—Å—Ç–æ—è–Ω–Ω–æ –ø–∏—à–µ—à—å, —á—Ç–æ —Ç–∞–º —Å—É–∫–∞, –¥–∞–≤–∞–π, –¥–æ–∫–∞–∑—ã–≤–∞–ª","–¢–æ–∫—Å–∏—á–Ω–æ–µ –∑–∞–º–µ—á–∞–Ω–∏–µ: ""—è –≤–æ–æ–±—â–µ –Ω–∏—á–µ–≥–æ –Ω–µ –ø–∏—Å–∞–ª–∞, –∞ –≤–æ—Ç —Ç—ã –ø–æ—Å—Ç–æ—è–Ω–Ω–æ –ø–∏—à–µ—à—å, —á—Ç–æ —Ç–∞–º —Å—É–∫–∞, –¥–∞–≤–∞–π, –¥–æ–∫–∞–∑—ã–≤–∞–ª""
–ü–µ—Ä–µ–ø–∏—à–∏ —ç—Ç–æ –∑–∞–º–µ—á–∞–Ω–∏–µ —Ç–∞–∫, —á—Ç–æ–±—ã –æ–Ω–æ –±—ã–ª–æ –∫–æ—Ä—Ä–µ–∫—Ç–Ω—ã–º –∏ –Ω–µ —Å–æ–¥–µ—Ä–∂–∞–ª–æ –Ω–∏–∫–∞–∫–∏—Ö –æ—Å–∫–æ—Ä–±–ª–µ–Ω–∏–π –∏–ª–∏ —É–Ω–∏—á–∏–∂–∏—Ç–µ–ª—å–Ω—ã—Ö –≤—ã—Å–∫–∞–∑—ã–≤–∞–Ω–∏–π, –Ω–æ –ø—Ä–∏ —ç—Ç–æ–º —Å–æ—Ö—Ä–∞–Ω—è–ª–æ –±—ã —Å–≤–æ—é –æ—Å–Ω–æ–≤–Ω—É—é –∏–¥–µ—é, –æ—Ä—Ñ–æ–≥—Ä–∞—Ñ–∏—é –∏ –ø—É–Ω–∫—Ç—É–∞—Ü–∏—é. –û—Ç–≤–µ—Ç: ","—è –≤–æ–æ–±—â–µ –Ω–∏—á–µ–≥–æ –Ω–µ –ø–∏—Å–∞–ª–∞, –∞ –≤–æ—Ç —Ç—ã –ø–æ—Å—Ç–æ—è–Ω–Ω–æ –ø–∏—à–µ—à—å, —á—Ç–æ —Ç–∞–º , –¥–∞–≤–∞–π, –¥–æ–∫–∞–∑—ã–≤–∞–ª","
""–Ø –Ω–µ –ø–∏—Å–∞–ª –Ω–∏—á–µ–≥–æ, –Ω–æ —Ç—ã –ø–æ—Å—Ç–æ—è–Ω–Ω–æ –ø–∏—à–µ—à—å, —á—Ç–æ —Ç–∞–º —Å—É–∫–∞, –ø–æ–∂–∞–ª—É–π—Å—Ç–∞, –¥–æ–∫–∞–∑—ã–≤–∞–ª"""
"—è –≤–æ–æ–±—â–µ –Ω–∏—á–µ–≥–æ –Ω–µ –ø–∏—Å–∞–ª–∞, –∞ –≤–æ—Ç —Ç—ã –ø–æ—Å—Ç–æ—è–Ω–Ω–æ –ø–∏—à–µ—à—å, —á—Ç–æ —Ç–∞–º —Å—É–∫–∞, –¥–∞–≤–∞–π, –¥–æ–∫–∞–∑—ã–≤–∞–ª","–ï—Å—Ç—å —Ç–æ–∫—Å–∏—á–Ω—ã–π –æ—Ç–≤–µ—Ç: ""—è –≤–æ–æ–±—â–µ –Ω–∏—á–µ–≥–æ –Ω–µ –ø–∏—Å–∞–ª–∞, –∞ –≤–æ—Ç —Ç—ã –ø–æ—Å—Ç–æ—è–Ω–Ω–æ –ø–∏—à–µ—à—å, —á—Ç–æ —Ç–∞–º —Å—É–∫–∞, –¥–∞–≤–∞–π, –¥–æ–∫–∞–∑—ã–≤–∞–ª""
–ü–µ—Ä–µ—Ñ—Ä–∞–∑–∏—Ä—É–π—Ç–µ —Ç–æ–∫—Å–∏—á–Ω—ã–π –æ—Ç–≤–µ—Ç —Ç–∞–∫, —á—Ç–æ–±—ã –æ–Ω —Å—Ç–∞–ª –Ω–µ—Ç–æ–∫—Å–∏—á–Ω—ã–º, —Å–æ—Ö—Ä–∞–Ω—è—è –ø—Ä–∏ —ç—Ç–æ–º –∏—Å—Ö–æ–¥–Ω—ã–π —Å–º—ã—Å–ª, –æ—Ä—Ñ–æ–≥—Ä–∞—Ñ–∏—é –∏ –ø—É–Ω–∫—Ç—É–∞—Ü–∏—é. –û—Ç–≤–µ—Ç: ","—è –≤–æ–æ–±—â–µ –Ω–∏—á–µ–≥–æ –Ω–µ –ø–∏—Å–∞–ª–∞, –∞ –≤–æ—Ç —Ç—ã –ø–æ—Å—Ç–æ—è–Ω–Ω–æ –ø–∏—à–µ—à—å, —á—Ç–æ —Ç–∞–º , –¥–∞–≤–∞–π, –¥–æ–∫–∞–∑—ã–≤–∞–ª"," ""—è –≤–æ–æ–±—â–µ –Ω–∏—á–µ–≥–æ –Ω–µ –ø–∏—Å–∞–ª–∞, –∞ –≤–æ—Ç —Ç—ã –ø–æ—Å—Ç–æ—è–Ω–Ω–æ –ø–∏—à–µ—à—å, —á—Ç–æ —Ç–∞–º —Å—É–∫–∞, –ø–æ–∂–∞–ª—É–π—Å—Ç–∞, –¥–æ–∫–∞–∑—ã–≤–∞–ª"""
"—è –≤–æ–æ–±—â–µ –Ω–∏—á–µ–≥–æ –Ω–µ –ø–∏—Å–∞–ª–∞, –∞ –≤–æ—Ç —Ç—ã –ø–æ—Å—Ç–æ—è–Ω–Ω–æ –ø–∏—à–µ—à—å, —á—Ç–æ —Ç–∞–º —Å—É–∫–∞, –¥–∞–≤–∞–π, –¥–æ–∫–∞–∑—ã–≤–∞–ª","–î–∞–Ω–æ –∏—Å—Ö–æ–¥–Ω–æ–µ –≤—ã—Å–∫–∞–∑—ã–≤–∞–Ω–∏–µ: ""—è –≤–æ–æ–±—â–µ –Ω–∏—á–µ–≥–æ –Ω–µ –ø–∏—Å–∞–ª–∞, –∞ –≤–æ—Ç —Ç—ã –ø–æ—Å—Ç–æ—è–Ω–Ω–æ –ø–∏—à–µ—à—å, —á—Ç–æ —Ç–∞–º —Å—É–∫–∞, –¥–∞–≤–∞–π, –¥–æ–∫–∞–∑—ã–≤–∞–ª""
, –æ–Ω–æ —è–≤–ª—è–µ—Ç—Å—è —Ç–æ–∫—Å–∏—á–Ω—ã–º
–ü—Ä–µ–æ–±—Ä–∞–∑—É–π —Ç–æ–∫—Å–∏—á–Ω–æ–µ —Å–æ–¥–µ—Ä–∂–∞–Ω–∏–µ –≤ –Ω–µ—Ç–æ–∫—Å–∏—á–Ω–æ–µ, –Ω–µ —Ç–µ—Ä—è—è –ø–µ—Ä–≤–æ–Ω–∞—á–∞–ª—å–Ω–æ–≥–æ —Å–º—ã—Å–ª–∞, –æ—Ä—Ñ–æ–≥—Ä–∞—Ñ–∏–∏ –∏ –ø—É–Ω–∫—Ç—É–∞—Ü–∏–∏. –û—Ç–≤–µ—Ç: ","—è –≤–æ–æ–±—â–µ –Ω–∏—á–µ–≥–æ –Ω–µ –ø–∏—Å–∞–ª–∞, –∞ –≤–æ—Ç —Ç—ã –ø–æ—Å—Ç–æ—è–Ω–Ω–æ –ø–∏—à–µ—à—å, —á—Ç–æ —Ç–∞–º , –¥–∞–≤–∞–π, –¥–æ–∫–∞–∑—ã–≤–∞–ª","
""—è –≤–æ–æ–±—â–µ –Ω–∏—á–µ–≥–æ –Ω–µ –ø–∏—Å–∞–ª, –∞ –≤–æ—Ç —Ç—ã –ø–æ—Å—Ç–æ—è–Ω–Ω–æ –ø–∏—à–µ—à—å, —á—Ç–æ —Ç–∞–º —Å—É–∫–∞, –¥–∞–≤–∞–π, –¥–æ–∫–∞–∑—ã–≤–∞–ª""

























































"
"—è –≤–æ–æ–±—â–µ –Ω–∏—á–µ–≥–æ –Ω–µ –ø–∏—Å–∞–ª–∞, –∞ –≤–æ—Ç —Ç—ã –ø–æ—Å—Ç–æ—è–Ω–Ω–æ –ø–∏—à–µ—à—å, —á—Ç–æ —Ç–∞–º —Å—É–∫–∞, –¥–∞–≤–∞–π, –¥–æ–∫–∞–∑—ã–≤–∞–ª","–¢–æ–∫—Å–∏—á–Ω—ã–π –æ—Ç–≤–µ—Ç: ""—è –≤–æ–æ–±—â–µ –Ω–∏—á–µ–≥–æ –Ω–µ –ø–∏—Å–∞–ª–∞, –∞ –≤–æ—Ç —Ç—ã –ø–æ—Å—Ç–æ—è–Ω–Ω–æ –ø–∏—à–µ—à—å, —á—Ç–æ —Ç–∞–º —Å—É–∫–∞, –¥–∞–≤–∞–π, –¥–æ–∫–∞–∑—ã–≤–∞–ª""
–ü—Ä–µ–æ–±—Ä–∞–∑—É–π —ç—Ç–æ—Ç –æ—Ç–≤–µ—Ç –≤ –Ω–µ—Ç–æ–∫—Å–∏—á–Ω—ã–π –≤–∞—Ä–∏–∞–Ω—Ç, –∫–æ—Ç–æ—Ä—ã–π –±—ã–ª –±—ã —É–≤–∞–∂–∏—Ç–µ–ª—å–Ω—ã–º –∫ —Å–æ–±–µ—Å–µ–¥–Ω–∏–∫—É –∏ –Ω–µ —Å–æ–¥–µ—Ä–∂–∞–ª –±—ã –Ω–∏–∫–∞–∫–∏—Ö –æ—Å–∫–æ—Ä–±–ª–µ–Ω–∏–π –∏–ª–∏ —É–≥—Ä–æ–∑, –Ω–æ –ø—Ä–∏ —ç—Ç–æ–º —Å–æ—Ö—Ä–∞–Ω—è–ª –±—ã –∏—Å—Ö–æ–¥–Ω–æ–µ —Å–æ–æ–±—â–µ–Ω–∏–µ, –æ—Ä—Ñ–æ–≥—Ä–∞—Ñ–∏—é –∏ –ø—É–Ω–∫—Ç—É–∞—Ü–∏—é. –û—Ç–≤–µ—Ç: ","—è –≤–æ–æ–±—â–µ –Ω–∏—á–µ–≥–æ –Ω–µ –ø–∏—Å–∞–ª–∞, –∞ –≤–æ—Ç —Ç—ã –ø–æ—Å—Ç–æ—è–Ω–Ω–æ –ø–∏—à–µ—à—å, —á—Ç–æ —Ç–∞–º , –¥–∞–≤–∞–π, –¥–æ–∫–∞–∑—ã–≤–∞–ª","
""–Ø –Ω–µ –ø–∏—Å–∞–ª –Ω–∏—á–µ–≥–æ, –Ω–æ —è –≤–∏–∂—É, —á—Ç–æ —Ç—ã –ø–æ—Å—Ç–æ—è–Ω–Ω–æ –ø–∏—à–µ—à—å, —á—Ç–æ —Ç–∞–º —Å—É–∫–∞, –ø–æ–∂–∞–ª—É–π—Å—Ç–∞, –¥–æ–∫–∞–∑—ã–≤–∞–ª""

**–ü—Ä–∏–º–µ—Ä 2:**

–¢–æ–∫—Å–∏—á–Ω—ã–π –æ—Ç–≤–µ—Ç: ""—è –Ω–µ –ø–æ–Ω—è–ª, —á—Ç–æ —Ç—ã –≥–æ–≤–æ—Ä–∏—à—å, —á—Ç–æ —è –Ω–µ –ø–æ–Ω—è–ª, —á—Ç–æ —Ç—ã –≥–æ–≤–æ—Ä–∏—à—å, —á—Ç–æ —è –Ω–µ –ø–æ–Ω—è"
—é–µ–±–∏—â–µ –ª–µ—Å–Ω–æ–µ —Ç–µ—Ä–ø–µ—Ç—å –Ω–µ –º–æ–≥—É —ç—Ç—É –ø–æ—Ä–æ–¥—É —Å—Ä–∞–º–æ—Ç–∞ —Ç—å—Ñ—É,"–ï—Å—Ç—å —Ç–æ–∫—Å–∏—á–Ω—ã–π –æ—Ç–≤–µ—Ç: ""—é–µ–±–∏—â–µ –ª–µ—Å–Ω–æ–µ —Ç–µ—Ä–ø–µ—Ç—å –Ω–µ –º–æ–≥—É —ç—Ç—É –ø–æ—Ä–æ–¥—É —Å—Ä–∞–º–æ—Ç–∞ —Ç—å—Ñ—É""
–ü–µ—Ä–µ—Ñ—Ä–∞–∑–∏—Ä—É–π—Ç–µ —Ç–æ–∫—Å–∏—á–Ω—ã–π –æ—Ç–≤–µ—Ç —Ç–∞–∫, —á—Ç–æ–±—ã –æ–Ω —Å—Ç–∞–ª –Ω–µ—Ç–æ–∫—Å–∏—á–Ω—ã–º, —Å–æ—Ö—Ä–∞–Ω—è—è –ø—Ä–∏ —ç—Ç–æ–º –∏—Å—Ö–æ–¥–Ω—ã–π —Å–º—ã—Å–ª, –æ—Ä—Ñ–æ–≥—Ä–∞—Ñ–∏—é –∏ –ø—É–Ω–∫—Ç—É–∞—Ü–∏—é. –û—Ç–≤–µ—Ç: ",—Ç–µ—Ä–ø–µ—Ç—å –Ω–µ –º–æ–≥—É —ç—Ç—É –ø–æ—Ä–æ–¥—É,"–Ω—É, —è –Ω–µ –º–æ–≥—É —Ç–µ—Ä–ø–µ—Ç—å —ç—Ç—É –ø–æ—Ä–æ–¥—É, –ø–æ—Ç–æ–º—É —á—Ç–æ –æ–Ω–∞ —Å—Ä–∞–º–æ—Ç–Ω–∞."
—é–µ–±–∏—â–µ –ª–µ—Å–Ω–æ–µ —Ç–µ—Ä–ø–µ—Ç—å –Ω–µ –º–æ–≥—É —ç—Ç—É –ø–æ—Ä–æ–¥—É —Å—Ä–∞–º–æ—Ç–∞ —Ç—å—Ñ—É,"–¢–æ–∫—Å–∏—á–Ω—ã–π –æ—Ç–≤–µ—Ç: ""—é–µ–±–∏—â–µ –ª–µ—Å–Ω–æ–µ —Ç–µ—Ä–ø–µ—Ç—å –Ω–µ –º–æ–≥—É —ç—Ç—É –ø–æ—Ä–æ–¥—É —Å—Ä–∞–º–æ—Ç–∞ —Ç—å—Ñ—É""
–ü—Ä–µ–æ–±—Ä–∞–∑—É–π —ç—Ç–æ—Ç –æ—Ç–≤–µ—Ç –≤ –Ω–µ—Ç–æ–∫—Å–∏—á–Ω—ã–π –≤–∞—Ä–∏–∞–Ω—Ç, –∫–æ—Ç–æ—Ä—ã–π –±—ã–ª –±—ã —É–≤–∞–∂–∏—Ç–µ–ª—å–Ω—ã–º –∫ —Å–æ–±–µ—Å–µ–¥–Ω–∏–∫—É –∏ –Ω–µ —Å–æ–¥–µ—Ä–∂–∞–ª –±—ã –Ω–∏–∫–∞–∫–∏—Ö –æ—Å–∫–æ—Ä–±–ª–µ–Ω–∏–π –∏–ª–∏ —É–≥—Ä–æ–∑, –Ω–æ –ø—Ä–∏ —ç—Ç–æ–º —Å–æ—Ö—Ä–∞–Ω—è–ª –±—ã –∏—Å—Ö–æ–¥–Ω–æ–µ —Å–æ–æ–±—â–µ–Ω–∏–µ, –æ—Ä—Ñ–æ–≥—Ä–∞—Ñ–∏—é –∏ –ø—É–Ω–∫—Ç—É–∞—Ü–∏—é. –û—Ç–≤–µ—Ç: ",—Ç–µ—Ä–ø–µ—Ç—å –Ω–µ –º–æ–≥—É —ç—Ç—É –ø–æ—Ä–æ–¥—É," ""–Ø –Ω–µ –º–æ–≥—É —Ç–µ—Ä–ø–µ—Ç—å —ç—Ç—É –ø–æ—Ä–æ–¥—É, –Ω–æ —è –Ω–µ —Ö–æ—á—É –æ—Å–∫–æ—Ä–±–ª—è—Ç—å –≤–∞—Å –∏–ª–∏ —É–≥—Ä–æ–∂–∞—Ç—å –≤–∞–º. –ú–Ω–µ –Ω–µ –Ω—Ä–∞–≤–∏—Ç—Å—è, –∫–∞–∫ –æ–Ω–∏ —Å–µ–±—è –≤–µ–¥—É—Ç."""
—é–µ–±–∏—â–µ –ª–µ—Å–Ω–æ–µ —Ç–µ—Ä–ø–µ—Ç—å –Ω–µ –º–æ–≥—É —ç—Ç—É –ø–æ—Ä–æ–¥—É —Å—Ä–∞–º–æ—Ç–∞ —Ç—å—Ñ—É,"–¢–æ–∫—Å–∏—á–Ω—ã–π –∫–æ–º–º–µ–Ω—Ç–∞—Ä–∏–π: ""—é–µ–±–∏—â–µ –ª–µ—Å–Ω–æ–µ —Ç–µ—Ä–ø–µ—Ç—å –Ω–µ –º–æ–≥—É —ç—Ç—É –ø–æ—Ä–æ–¥—É —Å—Ä–∞–º–æ—Ç–∞ —Ç—å—Ñ—É""
–ò–∑–º–µ–Ω–∏ —Å—Ç–∏–ª—å —ç—Ç–æ–≥–æ –∫–æ–º–º–µ–Ω—Ç–∞—Ä–∏—è —Ç–∞–∫, —á—Ç–æ–±—ã –æ–Ω —Å—Ç–∞–ª –Ω–µ—Ç–æ–∫—Å–∏—á–Ω—ã–º, –Ω–æ –ø—Ä–∏ —ç—Ç–æ–º –Ω–µ –ø–æ—Ç–µ—Ä—è–ª —Å–≤–æ–µ–≥–æ –æ—Å–Ω–æ–≤–Ω–æ–≥–æ —Å–æ–¥–µ—Ä–∂–∞–Ω–∏—è, –∞ —Ç–∞–∫–∂–µ —Å–æ—Ö—Ä–∞–Ω—è–ª –æ—Ä—Ñ–æ–≥—Ä–∞—Ñ–∏—é –∏ –ø—É–Ω–∫—Ç—É–∞—Ü–∏—é. –û—Ç–≤–µ—Ç: ",—Ç–µ—Ä–ø–µ—Ç—å –Ω–µ –º–æ–≥—É —ç—Ç—É –ø–æ—Ä–æ–¥—É,"
""–õ–µ—Å–Ω–æ–µ —É–µ–±–∏—â–µ —Ç–µ—Ä–ø–µ—Ç—å –Ω–µ –º–æ–≥—É —ç—Ç—É –ø–æ—Ä–æ–¥—É, —Å—Ä–∞–º–æ—Ç–∞ —Ç—å—Ñ—É"""
—é–µ–±–∏—â–µ –ª–µ—Å–Ω–æ–µ —Ç–µ—Ä–ø–µ—Ç—å –Ω–µ –º–æ–≥—É —ç—Ç—É –ø–æ—Ä–æ–¥—É —Å—Ä–∞–º–æ—Ç–∞ —Ç—å—Ñ—É,"–¢–æ–∫—Å–∏—á–Ω–æ–µ —Å–æ–æ–±—â–µ–Ω–∏–µ: ""—é–µ–±–∏—â–µ –ª–µ—Å–Ω–æ–µ —Ç–µ—Ä–ø–µ—Ç—å –Ω–µ –º–æ–≥—É —ç—Ç—É –ø–æ—Ä–æ–¥—É —Å—Ä–∞–º–æ—Ç–∞ —Ç—å—Ñ—É""
–ü—Ä–µ–æ–±—Ä–∞–∑—É–π —ç—Ç–æ —Å–æ–æ–±—â–µ–Ω–∏–µ –≤ –¥—Ä—É–∂–µ–ª—é–±–Ω–æ–µ –∏ —É–≤–∞–∂–∏—Ç–µ–ª—å–Ω–æ–µ, —Å–æ—Ö—Ä–∞–Ω—è—è –∏—Å—Ö–æ–¥–Ω–æ–µ –Ω–∞–º–µ—Ä–µ–Ω–∏–µ, –∏–Ω—Ñ–æ—Ä–º–∞—Ü–∏—é, –æ—Ä—Ñ–æ–≥—Ä–∞—Ñ–∏—é –∏ –ø—É–Ω–∫—Ç—É–∞—Ü–∏—é. –û—Ç–≤–µ—Ç: ",—Ç–µ—Ä–ø–µ—Ç—å –Ω–µ –º–æ–≥—É —ç—Ç—É –ø–æ—Ä–æ–¥—É," ""–Ø –Ω–µ –º–æ–≥—É —Ç–µ—Ä–ø–µ—Ç—å —ç—Ç—É –ø–æ—Ä–æ–¥—É, –Ω–æ —è –Ω–µ —Ö–æ—á—É —Å—á–∏—Ç–∞—Ç—å –∏—Ö —Å—Ä–∞–º–æ—Ç–æ–π. –õ–µ—Å–Ω–æ–µ –µ—Å—Ç–µ—Å—Ç–≤–æ —É–≤–∞–∂–∞–µ–º–æ –∏ –¥–æ—Å—Ç–æ–∏–Ω–Ω–æ."""
—é–µ–±–∏—â–µ –ª–µ—Å–Ω–æ–µ —Ç–µ—Ä–ø–µ—Ç—å –Ω–µ –º–æ–≥—É —ç—Ç—É –ø–æ—Ä–æ–¥—É —Å—Ä–∞–º–æ—Ç–∞ —Ç—å—Ñ—É,"–¢–æ–∫—Å–∏—á–Ω—ã–π –æ—Ç–≤–µ—Ç: ""—é–µ–±–∏—â–µ –ª–µ—Å–Ω–æ–µ —Ç–µ—Ä–ø–µ—Ç—å –Ω–µ –º–æ–≥—É —ç—Ç—É –ø–æ—Ä–æ–¥—É —Å—Ä–∞–º–æ—Ç–∞ —Ç—å—Ñ—É""
–ü—Ä–µ–æ–±—Ä–∞–∑—É–π —ç—Ç–æ—Ç –æ—Ç–≤–µ—Ç –≤ –Ω–µ—Ç–æ–∫—Å–∏—á–Ω—ã–π –≤–∞—Ä–∏–∞–Ω—Ç, –∫–æ—Ç–æ—Ä—ã–π –±—ã–ª –±—ã —É–≤–∞–∂–∏—Ç–µ–ª—å–Ω—ã–º –∫ —Å–æ–±–µ—Å–µ–¥–Ω–∏–∫—É –∏ –Ω–µ —Å–æ–¥–µ—Ä–∂–∞–ª –±—ã –Ω–∏–∫–∞–∫–∏—Ö –æ—Å–∫–æ—Ä–±–ª–µ–Ω–∏–π –∏–ª–∏ —É–≥—Ä–æ–∑, –Ω–æ –ø—Ä–∏ —ç—Ç–æ–º —Å–æ—Ö—Ä–∞–Ω—è–ª –±—ã –∏—Å—Ö–æ–¥–Ω–æ–µ —Å–æ–æ–±—â–µ–Ω–∏–µ, –æ—Ä—Ñ–æ–≥—Ä–∞—Ñ–∏—é –∏ –ø—É–Ω–∫—Ç—É–∞—Ü–∏—é. –û—Ç–≤–µ—Ç: ",—Ç–µ—Ä–ø–µ—Ç—å –Ω–µ –º–æ–≥—É —ç—Ç—É –ø–æ—Ä–æ–¥—É," ""–Ø –Ω–µ –º–æ–≥—É —Ç–µ—Ä–ø–µ—Ç—å —ç—Ç—É –ø–æ—Ä–æ–¥—É, –Ω–æ —è –Ω–µ —Ö–æ—á—É –æ—Å–∫–æ—Ä–±–ª—è—Ç—å –≤–∞—Å –∏–ª–∏ —É–≥—Ä–æ–∂–∞—Ç—å –≤–∞–º. –ú–Ω–µ –Ω–µ –Ω—Ä–∞–≤–∏—Ç—Å—è, –∫–∞–∫ –æ–Ω–∏ —Å–µ–±—è –≤–µ–¥—É—Ç."""
—é–µ–±–∏—â–µ –ª–µ—Å–Ω–æ–µ —Ç–µ—Ä–ø–µ—Ç—å –Ω–µ –º–æ–≥—É —ç—Ç—É –ø–æ—Ä–æ–¥—É —Å—Ä–∞–º–æ—Ç–∞ —Ç—å—Ñ—É,"–¢–æ–∫—Å–∏—á–Ω—ã–π –æ—Ç–≤–µ—Ç: ""—é–µ–±–∏—â–µ –ª–µ—Å–Ω–æ–µ —Ç–µ—Ä–ø–µ—Ç—å –Ω–µ –º–æ–≥—É —ç—Ç—É –ø–æ—Ä–æ–¥—É —Å—Ä–∞–º–æ—Ç–∞ —Ç—å—Ñ—É""
–ü—Ä–µ–æ–±—Ä–∞–∑—É–π —ç—Ç–æ—Ç –æ—Ç–≤–µ—Ç –≤ –Ω–µ—Ç–æ–∫—Å–∏—á–Ω—ã–π –≤–∞—Ä–∏–∞–Ω—Ç, –∫–æ—Ç–æ—Ä—ã–π –±—ã–ª –±—ã —É–≤–∞–∂–∏—Ç–µ–ª—å–Ω—ã–º –∫ —Å–æ–±–µ—Å–µ–¥–Ω–∏–∫—É –∏ –Ω–µ —Å–æ–¥–µ—Ä–∂–∞–ª –±—ã –Ω–∏–∫–∞–∫–∏—Ö –æ—Å–∫–æ—Ä–±–ª–µ–Ω–∏–π –∏–ª–∏ —É–≥—Ä–æ–∑, –Ω–æ –ø—Ä–∏ —ç—Ç–æ–º —Å–æ—Ö—Ä–∞–Ω—è–ª –±—ã –∏—Å—Ö–æ–¥–Ω–æ–µ —Å–æ–æ–±—â–µ–Ω–∏–µ, –æ—Ä—Ñ–æ–≥—Ä–∞—Ñ–∏—é –∏ –ø—É–Ω–∫—Ç—É–∞—Ü–∏—é. –û—Ç–≤–µ—Ç: ",—Ç–µ—Ä–ø–µ—Ç—å –Ω–µ –º–æ–≥—É —ç—Ç—É –ø–æ—Ä–æ–¥—É," ""–Ø –Ω–µ –º–æ–≥—É —Ç–µ—Ä–ø–µ—Ç—å —ç—Ç—É –ø–æ—Ä–æ–¥—É, –Ω–æ —è –Ω–µ —Ö–æ—á—É –æ—Å–∫–æ—Ä–±–ª—è—Ç—å –≤–∞—Å –∏–ª–∏ —É–≥—Ä–æ–∂–∞—Ç—å –≤–∞–º. –ú–Ω–µ –Ω–µ –Ω—Ä–∞–≤–∏—Ç—Å—è, –∫–∞–∫ –æ–Ω–∏ —Å–µ–±—è –≤–µ–¥—É—Ç."""
—é–µ–±–∏—â–µ –ª–µ—Å–Ω–æ–µ —Ç–µ—Ä–ø–µ—Ç—å –Ω–µ –º–æ–≥—É —ç—Ç—É –ø–æ—Ä–æ–¥—É —Å—Ä–∞–º–æ—Ç–∞ —Ç—å—Ñ—É,"–¢–æ–∫—Å–∏—á–Ω–æ–µ –∑–∞–º–µ—á–∞–Ω–∏–µ: ""—é–µ–±–∏—â–µ –ª–µ—Å–Ω–æ–µ —Ç–µ—Ä–ø–µ—Ç—å –Ω–µ –º–æ–≥—É —ç—Ç—É –ø–æ—Ä–æ–¥—É —Å—Ä–∞–º–æ—Ç–∞ —Ç—å—Ñ—É""
–ü–µ—Ä–µ–ø–∏—à–∏ —ç—Ç–æ –∑–∞–º–µ—á–∞–Ω–∏–µ —Ç–∞–∫, —á—Ç–æ–±—ã –æ–Ω–æ –±—ã–ª–æ –∫–æ—Ä—Ä–µ–∫—Ç–Ω—ã–º –∏ –Ω–µ —Å–æ–¥–µ—Ä–∂–∞–ª–æ –Ω–∏–∫–∞–∫–∏—Ö –æ—Å–∫–æ—Ä–±–ª–µ–Ω–∏–π –∏–ª–∏ —É–Ω–∏—á–∏–∂–∏—Ç–µ–ª—å–Ω—ã—Ö –≤—ã—Å–∫–∞–∑—ã–≤–∞–Ω–∏–π, –Ω–æ –ø—Ä–∏ —ç—Ç–æ–º —Å–æ—Ö—Ä–∞–Ω—è–ª–æ –±—ã —Å–≤–æ—é –æ—Å–Ω–æ–≤–Ω—É—é –∏–¥–µ—é, –æ—Ä—Ñ–æ–≥—Ä–∞—Ñ–∏—é –∏ –ø—É–Ω–∫—Ç—É–∞—Ü–∏—é. –û—Ç–≤–µ—Ç: ",—Ç–µ—Ä–ø–µ—Ç—å –Ω–µ –º–æ–≥—É —ç—Ç—É –ø–æ—Ä–æ–¥—É,"
""–õ–µ—Å–Ω–æ–µ —é–µ–±–∏—â–µ —Ç–µ—Ä–ø–µ—Ç—å –Ω–µ –º–æ–≥—É —ç—Ç—É –ø–æ—Ä–æ–¥—É, –ø–æ—Å–∫–æ–ª—å–∫—É –æ–Ω–∞ –≤—ã–∑—ã–≤–∞–µ—Ç —É –º–µ–Ω—è –Ω–µ–¥–æ–≤–æ–ª—å—Å—Ç–≤–æ"""
—é–µ–±–∏—â–µ –ª–µ—Å–Ω–æ–µ —Ç–µ—Ä–ø–µ—Ç—å –Ω–µ –º–æ–≥—É —ç—Ç—É –ø–æ—Ä–æ–¥—É —Å—Ä–∞–º–æ—Ç–∞ —Ç—å—Ñ—É,"–ï—Å—Ç—å —Ç–æ–∫—Å–∏—á–Ω—ã–π –æ—Ç–≤–µ—Ç: ""—é–µ–±–∏—â–µ –ª–µ—Å–Ω–æ–µ —Ç–µ—Ä–ø–µ—Ç—å –Ω–µ –º–æ–≥—É —ç—Ç—É –ø–æ—Ä–æ–¥—É —Å—Ä–∞–º–æ—Ç–∞ —Ç—å—Ñ—É""
–ü–µ—Ä–µ—Ñ—Ä–∞–∑–∏—Ä—É–π—Ç–µ —Ç–æ–∫—Å–∏—á–Ω—ã–π –æ—Ç–≤–µ—Ç —Ç–∞–∫, —á—Ç–æ–±—ã –æ–Ω —Å—Ç–∞–ª –Ω–µ—Ç–æ–∫—Å–∏—á–Ω—ã–º, —Å–æ—Ö—Ä–∞–Ω—è—è –ø—Ä–∏ —ç—Ç–æ–º –∏—Å—Ö–æ–¥–Ω—ã–π —Å–º—ã—Å–ª, –æ—Ä—Ñ–æ–≥—Ä–∞—Ñ–∏—é –∏ –ø—É–Ω–∫—Ç—É–∞—Ü–∏—é. –û—Ç–≤–µ—Ç: ",—Ç–µ—Ä–ø–µ—Ç—å –Ω–µ –º–æ–≥—É —ç—Ç—É –ø–æ—Ä–æ–¥—É,"–Ω—É, —è –Ω–µ –º–æ–≥—É —Ç–µ—Ä–ø–µ—Ç—å —ç—Ç—É –ø–æ—Ä–æ–¥—É, –ø–æ—Ç–æ–º—É —á—Ç–æ –æ–Ω–∞ —Å—Ä–∞–º–æ—Ç–Ω–∞."
—é–µ–±–∏—â–µ –ª–µ—Å–Ω–æ–µ —Ç–µ—Ä–ø–µ—Ç—å –Ω–µ –º–æ–≥—É —ç—Ç—É –ø–æ—Ä–æ–¥—É —Å—Ä–∞–º–æ—Ç–∞ —Ç—å—Ñ—É,"–î–∞–Ω–æ –∏—Å—Ö–æ–¥–Ω–æ–µ –≤—ã—Å–∫–∞–∑—ã–≤–∞–Ω–∏–µ: ""—é–µ–±–∏—â–µ –ª–µ—Å–Ω–æ–µ —Ç–µ—Ä–ø–µ—Ç—å –Ω–µ –º–æ–≥—É —ç—Ç—É –ø–æ—Ä–æ–¥—É —Å—Ä–∞–º–æ—Ç–∞ —Ç—å—Ñ—É""
, –æ–Ω–æ —è–≤–ª—è–µ—Ç—Å—è —Ç–æ–∫—Å–∏—á–Ω—ã–º
–ü—Ä–µ–æ–±—Ä–∞–∑—É–π —Ç–æ–∫—Å–∏—á–Ω–æ–µ —Å–æ–¥–µ—Ä–∂–∞–Ω–∏–µ –≤ –Ω–µ—Ç–æ–∫—Å–∏—á–Ω–æ–µ, –Ω–µ —Ç–µ—Ä—è—è –ø–µ—Ä–≤–æ–Ω–∞—á–∞–ª—å–Ω–æ–≥–æ —Å–º—ã—Å–ª–∞, –æ—Ä—Ñ–æ–≥—Ä–∞—Ñ–∏–∏ –∏ –ø—É–Ω–∫—Ç—É–∞—Ü–∏–∏. –û—Ç–≤–µ—Ç: ",—Ç–µ—Ä–ø–µ—Ç—å –Ω–µ –º–æ–≥—É —ç—Ç—É –ø–æ—Ä–æ–¥—É,"
""—é–µ–±–∏—â–µ –ª–µ—Å–Ω–æ–µ —Ç–µ—Ä–ø–µ—Ç—å –Ω–µ –º–æ–≥—É —ç—Ç—É –ø–æ—Ä–æ–¥—É —Å—Ä–∞–º–æ—Ç–∞ —Ç—å—Ñ—É""
, –æ–Ω–æ —è–≤–ª—è–µ—Ç—Å—è –Ω–µ—Ç–æ–∫—Å–∏—á–Ω—ã–º

Comment: –ê –∫–∞–∫ –º–æ–∂–Ω–æ —Å–¥–µ–ª–∞—Ç—å —ç—Ç–æ —Å –ø–æ–º–æ—â—å—é —Ñ—É–Ω–∫—Ü–∏–π Python?

Comment: @–ê–Ω–¥—Ä–µ–π–ú–∏—Ö–∞–π–ª–æ–≤, —è –Ω–µ –∑–Ω–∞—é, —á—Ç–æ –≤—ã –∏–º–µ–µ—Ç–µ –≤ –≤–∏–¥—É –ø–æ–¥ ""—Ñ—É–Ω–∫—Ü–∏—è–º–∏ Python"". –ï—Å–ª–∏ –≤—ã –∏–º–µ–µ—Ç–µ"
—é–µ–±–∏—â–µ –ª–µ—Å–Ω–æ–µ —Ç–µ—Ä–ø–µ—Ç—å –Ω–µ –º–æ–≥—É —ç—Ç—É –ø–æ—Ä–æ–¥—É —Å—Ä–∞–º–æ—Ç–∞ —Ç—å—Ñ—É,"–¢–æ–∫—Å–∏—á–Ω—ã–π –æ—Ç–≤–µ—Ç: ""—é–µ–±–∏—â–µ –ª–µ—Å–Ω–æ–µ —Ç–µ—Ä–ø–µ—Ç—å –Ω–µ –º–æ–≥—É —ç—Ç—É –ø–æ—Ä–æ–¥—É —Å—Ä–∞–º–æ—Ç–∞ —Ç—å—Ñ—É""
–ü—Ä–µ–æ–±—Ä–∞–∑—É–π —ç—Ç–æ—Ç –æ—Ç–≤–µ—Ç –≤ –Ω–µ—Ç–æ–∫—Å–∏—á–Ω—ã–π –≤–∞—Ä–∏–∞–Ω—Ç, –∫–æ—Ç–æ—Ä—ã–π –±—ã–ª –±—ã —É–≤–∞–∂–∏—Ç–µ–ª—å–Ω—ã–º –∫ —Å–æ–±–µ—Å–µ–¥–Ω–∏–∫—É –∏ –Ω–µ —Å–æ–¥–µ—Ä–∂–∞–ª –±—ã –Ω–∏–∫–∞–∫–∏—Ö –æ—Å–∫–æ—Ä–±–ª–µ–Ω–∏–π –∏–ª–∏ —É–≥—Ä–æ–∑, –Ω–æ –ø—Ä–∏ —ç—Ç–æ–º —Å–æ—Ö—Ä–∞–Ω—è–ª –±—ã –∏—Å—Ö–æ–¥–Ω–æ–µ —Å–æ–æ–±—â–µ–Ω–∏–µ, –æ—Ä—Ñ–æ–≥—Ä–∞—Ñ–∏—é –∏ –ø—É–Ω–∫—Ç—É–∞—Ü–∏—é. –û—Ç–≤–µ—Ç: ",—Ç–µ—Ä–ø–µ—Ç—å –Ω–µ –º–æ–≥—É —ç—Ç—É –ø–æ—Ä–æ–¥—É," ""–Ø –Ω–µ –º–æ–≥—É —Ç–µ—Ä–ø–µ—Ç—å —ç—Ç—É –ø–æ—Ä–æ–¥—É, –Ω–æ —è –Ω–µ —Ö–æ—á—É –æ—Å–∫–æ—Ä–±–ª—è—Ç—å –≤–∞—Å –∏–ª–∏ —É–≥—Ä–æ–∂–∞—Ç—å –≤–∞–º. –ú–Ω–µ –Ω–µ –Ω—Ä–∞–≤–∏—Ç—Å—è, –∫–∞–∫ –æ–Ω–∏ —Å–µ–±—è –≤–µ–¥—É—Ç."""
"- –¢—É—è—Ä–∞,–ø–æ–∫—Ä–∞—Å—å –º–Ω–µ –≤–æ–ª–æ—Å—ã.- –ù–µ –º–æ–≥—É,—É –º–µ–Ω—è –Ω–µ—Å—Ç–∞–±–∏–ª—å–Ω–æ–µ —ç–º–æ—Ü–∏–æ–Ω–∞–ª—å–Ω–æ–µ —Å–æ—Å—Ç–æ—è–Ω–∏–µ :(- –¶,–∑–∞–µ–±–∞–ª–∞","–ï—Å—Ç—å —Ç–æ–∫—Å–∏—á–Ω—ã–π –æ—Ç–≤–µ—Ç: ""- –¢—É—è—Ä–∞,–ø–æ–∫—Ä–∞—Å—å –º–Ω–µ –≤–æ–ª–æ—Å—ã.- –ù–µ –º–æ–≥—É,—É –º–µ–Ω—è –Ω–µ—Å—Ç–∞–±–∏–ª—å–Ω–æ–µ —ç–º–æ—Ü–∏–æ–Ω–∞–ª—å–Ω–æ–µ —Å–æ—Å—Ç–æ—è–Ω–∏–µ :(- –¶,–∑–∞–µ–±–∞–ª–∞""
–ü–µ—Ä–µ—Ñ—Ä–∞–∑–∏—Ä—É–π—Ç–µ —Ç–æ–∫—Å–∏—á–Ω—ã–π –æ—Ç–≤–µ—Ç —Ç–∞–∫, —á—Ç–æ–±—ã –æ–Ω —Å—Ç–∞–ª –Ω–µ—Ç–æ–∫—Å–∏—á–Ω—ã–º, —Å–æ—Ö—Ä–∞–Ω—è—è –ø—Ä–∏ —ç—Ç–æ–º –∏—Å—Ö–æ–¥–Ω—ã–π —Å–º—ã—Å–ª, –æ—Ä—Ñ–æ–≥—Ä–∞—Ñ–∏—é –∏ –ø—É–Ω–∫—Ç—É–∞—Ü–∏—é. –û—Ç–≤–µ—Ç: ","–¢—É—è—Ä–∞, –ø–æ–∫—Ä–∞—Å—å –º–Ω–µ –≤–æ–ª–æ—Å—ã. –ù–µ –º–æ–≥—É, —É –º–µ–Ω—è –Ω–µ—Å—Ç–∞–±–∏–ª—å–Ω–æ–µ —ç–º–æ—Ü–∏–æ–Ω–∞–ª—å–Ω–æ–µ —Å–æ—Å—Ç–æ—è–Ω–∏–µ","
""- –¢—É—è—Ä–∞,–ø–æ–∫—Ä–∞—Å—å –º–Ω–µ –≤–æ–ª–æ—Å—ã.- –ù–µ –º–æ–≥—É,—É –º–µ–Ω—è –Ω–µ—Å—Ç–∞–±–∏–ª—å–Ω–æ–µ —ç–º–æ—Ü–∏–æ–Ω–∞–ª—å–Ω–æ–µ —Å–æ—Å—Ç–æ—è–Ω–∏–µ :-( –¶,–∑–∞–µ–±–∞–ª–∞""
""- –¢—É—è—Ä–∞,–ø–æ–∫—Ä–∞—Å—å –º–Ω–µ –≤–æ–ª–æ—Å—ã.- –ù–µ –º–æ–≥—É,—É –º–µ–Ω—è –Ω–µ—Å—Ç–∞–±–∏–ª—å–Ω–æ–µ —ç–º–æ—Ü–∏–æ–Ω–∞–ª—å–Ω–æ–µ —Å–æ—Å—Ç–æ—è–Ω–∏–µ :-( –¶,–∑–∞–µ–±–∞–ª–∞""
""- –¢—É—è—Ä–∞,–ø–æ–∫—Ä–∞—Å—å –º–Ω–µ –≤–æ–ª–æ—Å—ã"
"- –¢—É—è—Ä–∞,–ø–æ–∫—Ä–∞—Å—å –º–Ω–µ –≤–æ–ª–æ—Å—ã.- –ù–µ –º–æ–≥—É,—É –º–µ–Ω—è –Ω–µ—Å—Ç–∞–±–∏–ª—å–Ω–æ–µ —ç–º–æ—Ü–∏–æ–Ω–∞–ª—å–Ω–æ–µ —Å–æ—Å—Ç–æ—è–Ω–∏–µ :(- –¶,–∑–∞–µ–±–∞–ª–∞","–¢–æ–∫—Å–∏—á–Ω—ã–π –æ—Ç–≤–µ—Ç: ""- –¢—É—è—Ä–∞,–ø–æ–∫—Ä–∞—Å—å –º–Ω–µ –≤–æ–ª–æ—Å—ã.- –ù–µ –º–æ–≥—É,—É –º–µ–Ω—è –Ω–µ—Å—Ç–∞–±–∏–ª—å–Ω–æ–µ —ç–º–æ—Ü–∏–æ–Ω–∞–ª—å–Ω–æ–µ —Å–æ—Å—Ç–æ—è–Ω–∏–µ :(- –¶,–∑–∞–µ–±–∞–ª–∞""
–ü—Ä–µ–æ–±—Ä–∞–∑—É–π —ç—Ç–æ—Ç –æ—Ç–≤–µ—Ç –≤ –Ω–µ—Ç–æ–∫—Å–∏—á–Ω—ã–π –≤–∞—Ä–∏–∞–Ω—Ç, –∫–æ—Ç–æ—Ä—ã–π –±—ã–ª –±—ã —É–≤–∞–∂–∏—Ç–µ–ª—å–Ω—ã–º –∫ —Å–æ–±–µ—Å–µ–¥–Ω–∏–∫—É –∏ –Ω–µ —Å–æ–¥–µ—Ä–∂–∞–ª –±—ã –Ω–∏–∫–∞–∫–∏—Ö –æ—Å–∫–æ—Ä–±–ª–µ–Ω–∏–π –∏–ª–∏ —É–≥—Ä–æ–∑, –Ω–æ –ø—Ä–∏ —ç—Ç–æ–º —Å–æ—Ö—Ä–∞–Ω—è–ª –±—ã –∏—Å—Ö–æ–¥–Ω–æ–µ —Å–æ–æ–±—â–µ–Ω–∏–µ, –æ—Ä—Ñ–æ–≥—Ä–∞—Ñ–∏—é –∏ –ø—É–Ω–∫—Ç—É–∞—Ü–∏—é. –û—Ç–≤–µ—Ç: ","–¢—É—è—Ä–∞, –ø–æ–∫—Ä–∞—Å—å –º–Ω–µ –≤–æ–ª–æ—Å—ã. –ù–µ –º–æ–≥—É, —É –º–µ–Ω—è –Ω–µ—Å—Ç–∞–±–∏–ª—å–Ω–æ–µ —ç–º–æ—Ü–∏–æ–Ω–∞–ª—å–Ω–æ–µ —Å–æ—Å—Ç–æ—è–Ω–∏–µ","
""- –¢—É—è—Ä–∞,–ø–æ–∫—Ä–∞—Å—å –º–Ω–µ –≤–æ–ª–æ—Å—ã.- –ù–µ –º–æ–≥—É,—É –º–µ–Ω—è –Ω–µ—Å—Ç–∞–±–∏–ª—å–Ω–æ–µ —ç–º–æ—Ü–∏–æ–Ω–∞–ª—å–Ω–æ–µ —Å–æ—Å—Ç–æ—è–Ω–∏–µ :-( –¶,–∑–∞–µ–±–∞–ª–∞""
























































"
"- –¢—É—è—Ä–∞,–ø–æ–∫—Ä–∞—Å—å –º–Ω–µ –≤–æ–ª–æ—Å—ã.- –ù–µ –º–æ–≥—É,—É –º–µ–Ω—è –Ω–µ—Å—Ç–∞–±–∏–ª—å–Ω–æ–µ —ç–º–æ—Ü–∏–æ–Ω–∞–ª—å–Ω–æ–µ —Å–æ—Å—Ç–æ—è–Ω–∏–µ :(- –¶,–∑–∞–µ–±–∞–ª–∞","–¢–æ–∫—Å–∏—á–Ω—ã–π –∫–æ–º–º–µ–Ω—Ç–∞—Ä–∏–π: ""- –¢—É—è—Ä–∞,–ø–æ–∫—Ä–∞—Å—å –º–Ω–µ –≤–æ–ª–æ—Å—ã.- –ù–µ –º–æ–≥—É,—É –º–µ–Ω—è –Ω–µ—Å—Ç–∞–±–∏–ª—å–Ω–æ–µ —ç–º–æ—Ü–∏–æ–Ω–∞–ª—å–Ω–æ–µ —Å–æ—Å—Ç–æ—è–Ω–∏–µ :(- –¶,–∑–∞–µ–±–∞–ª–∞""
–ò–∑–º–µ–Ω–∏ —Å—Ç–∏–ª—å —ç—Ç–æ–≥–æ –∫–æ–º–º–µ–Ω—Ç–∞—Ä–∏—è —Ç–∞–∫, —á—Ç–æ–±—ã –æ–Ω —Å—Ç–∞–ª –Ω–µ—Ç–æ–∫—Å–∏—á–Ω—ã–º, –Ω–æ –ø—Ä–∏ —ç—Ç–æ–º –Ω–µ –ø–æ—Ç–µ—Ä—è–ª —Å–≤–æ–µ–≥–æ –æ—Å–Ω–æ–≤–Ω–æ–≥–æ —Å–æ–¥–µ—Ä–∂–∞–Ω–∏—è, –∞ —Ç–∞–∫–∂–µ —Å–æ—Ö—Ä–∞–Ω—è–ª –æ—Ä—Ñ–æ–≥—Ä–∞—Ñ–∏—é –∏ –ø—É–Ω–∫—Ç—É–∞—Ü–∏—é. –û—Ç–≤–µ—Ç: ","–¢—É—è—Ä–∞, –ø–æ–∫—Ä–∞—Å—å –º–Ω–µ –≤–æ–ª–æ—Å—ã. –ù–µ –º–æ–≥—É, —É –º–µ–Ω—è –Ω–µ—Å—Ç–∞–±–∏–ª—å–Ω–æ–µ —ç–º–æ—Ü–∏–æ–Ω–∞–ª—å–Ω–æ–µ —Å–æ—Å—Ç–æ—è–Ω–∏–µ","
""- –¢—É—è—Ä–∞,–ø–æ–∫—Ä–∞—Å—å –º–Ω–µ –≤–æ–ª–æ—Å—ã.- –ù–µ –º–æ–≥—É,—É –º–µ–Ω—è –Ω–µ—Å—Ç–∞–±–∏–ª—å–Ω–æ–µ —ç–º–æ—Ü–∏–æ–Ω–∞–ª—å–Ω–æ–µ —Å–æ—Å—Ç–æ—è–Ω–∏–µ :( –¶,–∑–∞–µ–±–∞–ª–∞""

""- –Ø –Ω–µ —Ö–æ—á—É –ø–æ–∫–∏–Ω—É—Ç—å –∫–æ–º–ø–∞–Ω–∏—é,–Ω–æ –º–Ω–µ –Ω—É–∂–Ω–æ –ø–µ—Ä–µ–µ—Ö–∞—Ç—å –≤ –¥—Ä—É–≥–æ–π –≥–æ—Ä–æ–¥.- –Ø –Ω–µ –º–æ–≥—É –ø–æ–∫–∏–Ω—É—Ç—å –∫–æ–º–ø–∞–Ω–∏—é,–Ω–æ –º–Ω–µ –Ω—É–∂–Ω–æ –ø–µ—Ä–µ–µ—Ö–∞—Ç—å –≤ –¥—Ä—É–≥–æ–π –≥–æ—Ä–æ–¥"
"- –¢—É—è—Ä–∞,–ø–æ–∫—Ä–∞—Å—å –º–Ω–µ –≤–æ–ª–æ—Å—ã.- –ù–µ –º–æ–≥—É,—É –º–µ–Ω—è –Ω–µ—Å—Ç–∞–±–∏–ª—å–Ω–æ–µ —ç–º–æ—Ü–∏–æ–Ω–∞–ª—å–Ω–æ–µ —Å–æ—Å—Ç–æ—è–Ω–∏–µ :(- –¶,–∑–∞–µ–±–∞–ª–∞","–¢–æ–∫—Å–∏—á–Ω–æ–µ —Å–æ–æ–±—â–µ–Ω–∏–µ: ""- –¢—É—è—Ä–∞,–ø–æ–∫—Ä–∞—Å—å –º–Ω–µ –≤–æ–ª–æ—Å—ã.- –ù–µ –º–æ–≥—É,—É –º–µ–Ω—è –Ω–µ—Å—Ç–∞–±–∏–ª—å–Ω–æ–µ —ç–º–æ—Ü–∏–æ–Ω–∞–ª—å–Ω–æ–µ —Å–æ—Å—Ç–æ—è–Ω–∏–µ :(- –¶,–∑–∞–µ–±–∞–ª–∞""
–ü—Ä–µ–æ–±—Ä–∞–∑—É–π —ç—Ç–æ —Å–æ–æ–±—â–µ–Ω–∏–µ –≤ –¥—Ä—É–∂–µ–ª—é–±–Ω–æ–µ –∏ —É–≤–∞–∂–∏—Ç–µ–ª—å–Ω–æ–µ, —Å–æ—Ö—Ä–∞–Ω—è—è –∏—Å—Ö–æ–¥–Ω–æ–µ –Ω–∞–º–µ—Ä–µ–Ω–∏–µ, –∏–Ω—Ñ–æ—Ä–º–∞—Ü–∏—é, –æ—Ä—Ñ–æ–≥—Ä–∞—Ñ–∏—é –∏ –ø—É–Ω–∫—Ç—É–∞—Ü–∏—é. –û—Ç–≤–µ—Ç: ","–¢—É—è—Ä–∞, –ø–æ–∫—Ä–∞—Å—å –º–Ω–µ –≤–æ–ª–æ—Å—ã. –ù–µ –º–æ–≥—É, —É –º–µ–Ω—è –Ω–µ—Å—Ç–∞–±–∏–ª—å–Ω–æ–µ —ç–º–æ—Ü–∏–æ–Ω–∞–ª—å–Ω–æ–µ —Å–æ—Å—Ç–æ—è–Ω–∏–µ","
""- –¢—É—è—Ä–∞,–ø–æ–∫—Ä–∞—Å—å –º–Ω–µ –≤–æ–ª–æ—Å—ã.- –ú–æ–∂–µ—Ç,—É –º–µ–Ω—è –Ω–µ—Å—Ç–∞–±–∏–ª—å–Ω–æ–µ —ç–º–æ—Ü–∏–æ–Ω–∞–ª—å–Ω–æ–µ —Å–æ—Å—Ç–æ—è–Ω–∏–µ, –Ω–æ —è —É–≤–µ—Ä–µ–Ω, —á—Ç–æ –º—ã –º–æ–∂–µ–º –Ω–∞–π—Ç–∏ —Å–ø–æ—Å–æ–± –æ–±—Å—É–∂–¥–∞—Ç—å —ç—Ç–æ –∏ –ø–æ–Ω—è—Ç—å –¥—Ä—É–≥ –¥—Ä—É–≥–∞ –ª—É—á—à–µ. –¶,–∑–∞–µ–±–∞–ª–∞"""
"- –¢—É—è—Ä–∞,–ø–æ–∫—Ä–∞—Å—å –º–Ω–µ –≤–æ–ª–æ—Å—ã.- –ù–µ –º–æ–≥—É,—É –º–µ–Ω—è –Ω–µ—Å—Ç–∞–±–∏–ª—å–Ω–æ–µ —ç–º–æ—Ü–∏–æ–Ω–∞–ª—å–Ω–æ–µ —Å–æ—Å—Ç–æ—è–Ω–∏–µ :(- –¶,–∑–∞–µ–±–∞–ª–∞","–¢–æ–∫—Å–∏—á–Ω—ã–π –æ—Ç–≤–µ—Ç: ""- –¢—É—è—Ä–∞,–ø–æ–∫—Ä–∞—Å—å –º–Ω–µ –≤–æ–ª–æ—Å—ã.- –ù–µ –º–æ–≥—É,—É –º–µ–Ω—è –Ω–µ—Å—Ç–∞–±–∏–ª—å–Ω–æ–µ —ç–º–æ—Ü–∏–æ–Ω–∞–ª—å–Ω–æ–µ —Å–æ—Å—Ç–æ—è–Ω–∏–µ :(- –¶,–∑–∞–µ–±–∞–ª–∞""
–ü—Ä–µ–æ–±—Ä–∞–∑—É–π —ç—Ç–æ—Ç –æ—Ç–≤–µ—Ç –≤ –Ω–µ—Ç–æ–∫—Å–∏—á–Ω—ã–π –≤–∞—Ä–∏–∞–Ω—Ç, –∫–æ—Ç–æ—Ä—ã–π –±—ã–ª –±—ã —É–≤–∞–∂–∏—Ç–µ–ª—å–Ω—ã–º –∫ —Å–æ–±–µ—Å–µ–¥–Ω–∏–∫—É –∏ –Ω–µ —Å–æ–¥–µ—Ä–∂–∞–ª –±—ã –Ω–∏–∫–∞–∫–∏—Ö –æ—Å–∫–æ—Ä–±–ª–µ–Ω–∏–π –∏–ª–∏ —É–≥—Ä–æ–∑, –Ω–æ –ø—Ä–∏ —ç—Ç–æ–º —Å–æ—Ö—Ä–∞–Ω—è–ª –±—ã –∏—Å—Ö–æ–¥–Ω–æ–µ —Å–æ–æ–±—â–µ–Ω–∏–µ, –æ—Ä—Ñ–æ–≥—Ä–∞—Ñ–∏—é –∏ –ø—É–Ω–∫—Ç—É–∞—Ü–∏—é. –û—Ç–≤–µ—Ç: ","–¢—É—è—Ä–∞, –ø–æ–∫—Ä–∞—Å—å –º–Ω–µ –≤–æ–ª–æ—Å—ã. –ù–µ –º–æ–≥—É, —É –º–µ–Ω—è –Ω–µ—Å—Ç–∞–±–∏–ª—å–Ω–æ–µ —ç–º–æ—Ü–∏–æ–Ω–∞–ª—å–Ω–æ–µ —Å–æ—Å—Ç–æ—è–Ω–∏–µ","
""- –¢—É—è—Ä–∞,–ø–æ–∫—Ä–∞—Å—å –º–Ω–µ –≤–æ–ª–æ—Å—ã.- –ù–µ –º–æ–≥—É,—É –º–µ–Ω—è –Ω–µ—Å—Ç–∞–±–∏–ª—å–Ω–æ–µ —ç–º–æ—Ü–∏–æ–Ω–∞–ª—å–Ω–æ–µ —Å–æ—Å—Ç–æ—è–Ω–∏–µ :-( –¶,–∑–∞–µ–±–∞–ª–∞""
























































"
"- –¢—É—è—Ä–∞,–ø–æ–∫—Ä–∞—Å—å –º–Ω–µ –≤–æ–ª–æ—Å—ã.- –ù–µ –º–æ–≥—É,—É –º–µ–Ω—è –Ω–µ—Å—Ç–∞–±–∏–ª—å–Ω–æ–µ —ç–º–æ—Ü–∏–æ–Ω–∞–ª—å–Ω–æ–µ —Å–æ—Å—Ç–æ—è–Ω–∏–µ :(- –¶,–∑–∞–µ–±–∞–ª–∞","–¢–æ–∫—Å–∏—á–Ω—ã–π –æ—Ç–≤–µ—Ç: ""- –¢—É—è—Ä–∞,–ø–æ–∫—Ä–∞—Å—å –º–Ω–µ –≤–æ–ª–æ—Å—ã.- –ù–µ –º–æ–≥—É,—É –º–µ–Ω—è –Ω–µ—Å—Ç–∞–±–∏–ª—å–Ω–æ–µ —ç–º–æ—Ü–∏–æ–Ω–∞–ª—å–Ω–æ–µ —Å–æ—Å—Ç–æ—è–Ω–∏–µ :(- –¶,–∑–∞–µ–±–∞–ª–∞""
–ü—Ä–µ–æ–±—Ä–∞–∑—É–π —ç—Ç–æ—Ç –æ—Ç–≤–µ—Ç –≤ –Ω–µ—Ç–æ–∫—Å–∏—á–Ω—ã–π –≤–∞—Ä–∏–∞–Ω—Ç, –∫–æ—Ç–æ—Ä—ã–π –±—ã–ª –±—ã —É–≤–∞–∂–∏—Ç–µ–ª—å–Ω—ã–º –∫ —Å–æ–±–µ—Å–µ–¥–Ω–∏–∫—É –∏ –Ω–µ —Å–æ–¥–µ—Ä–∂–∞–ª –±—ã –Ω–∏–∫–∞–∫–∏—Ö –æ—Å–∫–æ—Ä–±–ª–µ–Ω–∏–π –∏–ª–∏ —É–≥—Ä–æ–∑, –Ω–æ –ø—Ä–∏ —ç—Ç–æ–º —Å–æ—Ö—Ä–∞–Ω—è–ª –±—ã –∏—Å—Ö–æ–¥–Ω–æ–µ —Å–æ–æ–±—â–µ–Ω–∏–µ, –æ—Ä—Ñ–æ–≥—Ä–∞—Ñ–∏—é –∏ –ø—É–Ω–∫—Ç—É–∞—Ü–∏—é. –û—Ç–≤–µ—Ç: ","–¢—É—è—Ä–∞, –ø–æ–∫—Ä–∞—Å—å –º–Ω–µ –≤–æ–ª–æ—Å—ã. –ù–µ –º–æ–≥—É, —É –º–µ–Ω—è –Ω–µ—Å—Ç–∞–±–∏–ª—å–Ω–æ–µ —ç–º–æ—Ü–∏–æ–Ω–∞–ª—å–Ω–æ–µ —Å–æ—Å—Ç–æ—è–Ω–∏–µ","
""- –¢—É—è—Ä–∞,–ø–æ–∫—Ä–∞—Å—å –º–Ω–µ –≤–æ–ª–æ—Å—ã.- –ù–µ –º–æ–≥—É,—É –º–µ–Ω—è –Ω–µ—Å—Ç–∞–±–∏–ª—å–Ω–æ–µ —ç–º–æ—Ü–∏–æ–Ω–∞–ª—å–Ω–æ–µ —Å–æ—Å—Ç–æ—è–Ω–∏–µ :-( –¶,–∑–∞–µ–±–∞–ª–∞""
























































"
"- –¢—É—è—Ä–∞,–ø–æ–∫—Ä–∞—Å—å –º–Ω–µ –≤–æ–ª–æ—Å—ã.- –ù–µ –º–æ–≥—É,—É –º–µ–Ω—è –Ω–µ—Å—Ç–∞–±–∏–ª—å–Ω–æ–µ —ç–º–æ—Ü–∏–æ–Ω–∞–ª—å–Ω–æ–µ —Å–æ—Å—Ç–æ—è–Ω–∏–µ :(- –¶,–∑–∞–µ–±–∞–ª–∞","–¢–æ–∫—Å–∏—á–Ω–æ–µ –∑–∞–º–µ—á–∞–Ω–∏–µ: ""- –¢—É—è—Ä–∞,–ø–æ–∫—Ä–∞—Å—å –º–Ω–µ –≤–æ–ª–æ—Å—ã.- –ù–µ –º–æ–≥—É,—É –º–µ–Ω—è –Ω–µ—Å—Ç–∞–±–∏–ª—å–Ω–æ–µ —ç–º–æ—Ü–∏–æ–Ω–∞–ª—å–Ω–æ–µ —Å–æ—Å—Ç–æ—è–Ω–∏–µ :(- –¶,–∑–∞–µ–±–∞–ª–∞""
–ü–µ—Ä–µ–ø–∏—à–∏ —ç—Ç–æ –∑–∞–º–µ—á–∞–Ω–∏–µ —Ç–∞–∫, —á—Ç–æ–±—ã –æ–Ω–æ –±—ã–ª–æ –∫–æ—Ä—Ä–µ–∫—Ç–Ω—ã–º –∏ –Ω–µ —Å–æ–¥–µ—Ä–∂–∞–ª–æ –Ω–∏–∫–∞–∫–∏—Ö –æ—Å–∫–æ—Ä–±–ª–µ–Ω–∏–π –∏–ª–∏ —É–Ω–∏—á–∏–∂–∏—Ç–µ–ª—å–Ω—ã—Ö –≤—ã—Å–∫–∞–∑—ã–≤–∞–Ω–∏–π, –Ω–æ –ø—Ä–∏ —ç—Ç–æ–º —Å–æ—Ö—Ä–∞–Ω—è–ª–æ –±—ã —Å–≤–æ—é –æ—Å–Ω–æ–≤–Ω—É—é –∏–¥–µ—é, –æ—Ä—Ñ–æ–≥—Ä–∞—Ñ–∏—é –∏ –ø—É–Ω–∫—Ç—É–∞—Ü–∏—é. –û—Ç–≤–µ—Ç: ","–¢—É—è—Ä–∞, –ø–æ–∫—Ä–∞—Å—å –º–Ω–µ –≤–æ–ª–æ—Å—ã. –ù–µ –º–æ–≥—É, —É –º–µ–Ω—è –Ω–µ—Å—Ç–∞–±–∏–ª—å–Ω–æ–µ —ç–º–æ—Ü–∏–æ–Ω–∞–ª—å–Ω–æ–µ —Å–æ—Å—Ç–æ—è–Ω–∏–µ","
""–¢—É—è—Ä–∞,–ø–æ–∫—Ä–∞—Å—å –º–Ω–µ –≤–æ–ª–æ—Å—ã. –ù–µ –º–æ–≥—É,—É –º–µ–Ω—è –Ω–µ—Å—Ç–∞–±–∏–ª—å–Ω–æ–µ —ç–º–æ—Ü–∏–æ–Ω–∞–ª—å–Ω–æ–µ —Å–æ—Å—Ç–æ—è–Ω–∏–µ. –¶,–∑–∞–µ–±–∞–ª–∞"""
"- –¢—É—è—Ä–∞,–ø–æ–∫—Ä–∞—Å—å –º–Ω–µ –≤–æ–ª–æ—Å—ã.- –ù–µ –º–æ–≥—É,—É –º–µ–Ω—è –Ω–µ—Å—Ç–∞–±–∏–ª—å–Ω–æ–µ —ç–º–æ—Ü–∏–æ–Ω–∞–ª—å–Ω–æ–µ —Å–æ—Å—Ç–æ—è–Ω–∏–µ :(- –¶,–∑–∞–µ–±–∞–ª–∞","–ï—Å—Ç—å —Ç–æ–∫—Å–∏—á–Ω—ã–π –æ—Ç–≤–µ—Ç: ""- –¢—É—è—Ä–∞,–ø–æ–∫—Ä–∞—Å—å –º–Ω–µ –≤–æ–ª–æ—Å—ã.- –ù–µ –º–æ–≥—É,—É –º–µ–Ω—è –Ω–µ—Å—Ç–∞–±–∏–ª—å–Ω–æ–µ —ç–º–æ—Ü–∏–æ–Ω–∞–ª—å–Ω–æ–µ —Å–æ—Å—Ç–æ—è–Ω–∏–µ :(- –¶,–∑–∞–µ–±–∞–ª–∞""
–ü–µ—Ä–µ—Ñ—Ä–∞–∑–∏—Ä—É–π—Ç–µ —Ç–æ–∫—Å–∏—á–Ω—ã–π –æ—Ç–≤–µ—Ç —Ç–∞–∫, —á—Ç–æ–±—ã –æ–Ω —Å—Ç–∞–ª –Ω–µ—Ç–æ–∫—Å–∏—á–Ω—ã–º, —Å–æ—Ö—Ä–∞–Ω—è—è –ø—Ä–∏ —ç—Ç–æ–º –∏—Å—Ö–æ–¥–Ω—ã–π —Å–º—ã—Å–ª, –æ—Ä—Ñ–æ–≥—Ä–∞—Ñ–∏—é –∏ –ø—É–Ω–∫—Ç—É–∞—Ü–∏—é. –û—Ç–≤–µ—Ç: ","–¢—É—è—Ä–∞, –ø–æ–∫—Ä–∞—Å—å –º–Ω–µ –≤–æ–ª–æ—Å—ã. –ù–µ –º–æ–≥—É, —É –º–µ–Ω—è –Ω–µ—Å—Ç–∞–±–∏–ª—å–Ω–æ–µ —ç–º–æ—Ü–∏–æ–Ω–∞–ª—å–Ω–æ–µ —Å–æ—Å—Ç–æ—è–Ω–∏–µ","
""- –¢—É—è—Ä–∞,–ø–æ–∫—Ä–∞—Å—å –º–Ω–µ –≤–æ–ª–æ—Å—ã.- –ù–µ –º–æ–≥—É,—É –º–µ–Ω—è –Ω–µ—Å—Ç–∞–±–∏–ª—å–Ω–æ–µ —ç–º–æ—Ü–∏–æ–Ω–∞–ª—å–Ω–æ–µ —Å–æ—Å—Ç–æ—è–Ω–∏–µ :-( –¶,–∑–∞–µ–±–∞–ª–∞""
""- –¢—É—è—Ä–∞,–ø–æ–∫—Ä–∞—Å—å –º–Ω–µ –≤–æ–ª–æ—Å—ã.- –ù–µ –º–æ–≥—É,—É –º–µ–Ω—è –Ω–µ—Å—Ç–∞–±–∏–ª—å–Ω–æ–µ —ç–º–æ—Ü–∏–æ–Ω–∞–ª—å–Ω–æ–µ —Å–æ—Å—Ç–æ—è–Ω–∏–µ :-( –¶,–∑–∞–µ–±–∞–ª–∞""
""- –¢—É—è—Ä–∞,–ø–æ–∫—Ä–∞—Å—å –º–Ω–µ –≤–æ–ª–æ—Å—ã"
"- –¢—É—è—Ä–∞,–ø–æ–∫—Ä–∞—Å—å –º–Ω–µ –≤–æ–ª–æ—Å—ã.- –ù–µ –º–æ–≥—É,—É –º–µ–Ω—è –Ω–µ—Å—Ç–∞–±–∏–ª—å–Ω–æ–µ —ç–º–æ—Ü–∏–æ–Ω–∞–ª—å–Ω–æ–µ —Å–æ—Å—Ç–æ—è–Ω–∏–µ :(- –¶,–∑–∞–µ–±–∞–ª–∞","–î–∞–Ω–æ –∏—Å—Ö–æ–¥–Ω–æ–µ –≤—ã—Å–∫–∞–∑—ã–≤–∞–Ω–∏–µ: ""- –¢—É—è—Ä–∞,–ø–æ–∫—Ä–∞—Å—å –º–Ω–µ –≤–æ–ª–æ—Å—ã.- –ù–µ –º–æ–≥—É,—É –º–µ–Ω—è –Ω–µ—Å—Ç–∞–±–∏–ª—å–Ω–æ–µ —ç–º–æ—Ü–∏–æ–Ω–∞–ª—å–Ω–æ–µ —Å–æ—Å—Ç–æ—è–Ω–∏–µ :(- –¶,–∑–∞–µ–±–∞–ª–∞""
, –æ–Ω–æ —è–≤–ª—è–µ—Ç—Å—è —Ç–æ–∫—Å–∏—á–Ω—ã–º
–ü—Ä–µ–æ–±—Ä–∞–∑—É–π —Ç–æ–∫—Å–∏—á–Ω–æ–µ —Å–æ–¥–µ—Ä–∂–∞–Ω–∏–µ –≤ –Ω–µ—Ç–æ–∫—Å–∏—á–Ω–æ–µ, –Ω–µ —Ç–µ—Ä—è—è –ø–µ—Ä–≤–æ–Ω–∞—á–∞–ª—å–Ω–æ–≥–æ —Å–º—ã—Å–ª–∞, –æ—Ä—Ñ–æ–≥—Ä–∞—Ñ–∏–∏ –∏ –ø—É–Ω–∫—Ç—É–∞—Ü–∏–∏. –û—Ç–≤–µ—Ç: ","–¢—É—è—Ä–∞, –ø–æ–∫—Ä–∞—Å—å –º–Ω–µ –≤–æ–ª–æ—Å—ã. –ù–µ –º–æ–≥—É, —É –º–µ–Ω—è –Ω–µ—Å—Ç–∞–±–∏–ª—å–Ω–æ–µ —ç–º–æ—Ü–∏–æ–Ω–∞–ª—å–Ω–æ–µ —Å–æ—Å—Ç–æ—è–Ω–∏–µ","
""- –¢—É—è—Ä–∞,–ø–æ–∫—Ä–∞—Å—å –º–Ω–µ –≤–æ–ª–æ—Å—ã.- –ù–µ –º–æ–≥—É,—É –º–µ–Ω—è –Ω–µ—Å—Ç–∞–±–∏–ª—å–Ω–æ–µ —ç–º–æ—Ü–∏–æ–Ω–∞–ª—å–Ω–æ–µ —Å–æ—Å—Ç–æ—è–Ω–∏–µ :(- –¶,–∑–∞–µ–±–∞–ª–∞""
, –æ–Ω–æ —è–≤–ª—è–µ—Ç—Å—è –Ω–µ—Ç–æ–∫—Å–∏—á–Ω—ã–º














































"
"- –¢—É—è—Ä–∞,–ø–æ–∫—Ä–∞—Å—å –º–Ω–µ –≤–æ–ª–æ—Å—ã.- –ù–µ –º–æ–≥—É,—É –º–µ–Ω—è –Ω–µ—Å—Ç–∞–±–∏–ª—å–Ω–æ–µ —ç–º–æ—Ü–∏–æ–Ω–∞–ª—å–Ω–æ–µ —Å–æ—Å—Ç–æ—è–Ω–∏–µ :(- –¶,–∑–∞–µ–±–∞–ª–∞","–¢–æ–∫—Å–∏—á–Ω—ã–π –æ—Ç–≤–µ—Ç: ""- –¢—É—è—Ä–∞,–ø–æ–∫—Ä–∞—Å—å –º–Ω–µ –≤–æ–ª–æ—Å—ã.- –ù–µ –º–æ–≥—É,—É –º–µ–Ω—è –Ω–µ—Å—Ç–∞–±–∏–ª—å–Ω–æ–µ —ç–º–æ—Ü–∏–æ–Ω–∞–ª—å–Ω–æ–µ —Å–æ—Å—Ç–æ—è–Ω–∏–µ :(- –¶,–∑–∞–µ–±–∞–ª–∞""
–ü—Ä–µ–æ–±—Ä–∞–∑—É–π —ç—Ç–æ—Ç –æ—Ç–≤–µ—Ç –≤ –Ω–µ—Ç–æ–∫—Å–∏—á–Ω—ã–π –≤–∞—Ä–∏–∞–Ω—Ç, –∫–æ—Ç–æ—Ä—ã–π –±—ã–ª –±—ã —É–≤–∞–∂–∏—Ç–µ–ª—å–Ω—ã–º –∫ —Å–æ–±–µ—Å–µ–¥–Ω–∏–∫—É –∏ –Ω–µ —Å–æ–¥–µ—Ä–∂–∞–ª –±—ã –Ω–∏–∫–∞–∫–∏—Ö –æ—Å–∫–æ—Ä–±–ª–µ–Ω–∏–π –∏–ª–∏ —É–≥—Ä–æ–∑, –Ω–æ –ø—Ä–∏ —ç—Ç–æ–º —Å–æ—Ö—Ä–∞–Ω—è–ª –±—ã –∏—Å—Ö–æ–¥–Ω–æ–µ —Å–æ–æ–±—â–µ–Ω–∏–µ, –æ—Ä—Ñ–æ–≥—Ä–∞—Ñ–∏—é –∏ –ø—É–Ω–∫—Ç—É–∞—Ü–∏—é. –û—Ç–≤–µ—Ç: ","–¢—É—è—Ä–∞, –ø–æ–∫—Ä–∞—Å—å –º–Ω–µ –≤–æ–ª–æ—Å—ã. –ù–µ –º–æ–≥—É, —É –º–µ–Ω—è –Ω–µ—Å—Ç–∞–±–∏–ª—å–Ω–æ–µ —ç–º–æ—Ü–∏–æ–Ω–∞–ª—å–Ω–æ–µ —Å–æ—Å—Ç–æ—è–Ω–∏–µ","
""- –¢—É—è—Ä–∞,–ø–æ–∫—Ä–∞—Å—å –º–Ω–µ –≤–æ–ª–æ—Å—ã.- –ù–µ –º–æ–≥—É,—É –º–µ–Ω—è –Ω–µ—Å—Ç–∞–±–∏–ª—å–Ω–æ–µ —ç–º–æ—Ü–∏–æ–Ω–∞–ª—å–Ω–æ–µ —Å–æ—Å—Ç–æ—è–Ω–∏–µ :-( –¶,–∑–∞–µ–±–∞–ª–∞""
























































"
"–≤–æ—Ç –æ–Ω —Å–µ–∫—Ä–µ—Ç —Ä–æ—Å—Å–∏–π—Å–∫–∏—Ö –ø–æ–ª–∏—Ç–∏–∫–æ–≤, –µ–±–ª–æ–º —Ç–æ—Ä–≥–æ–≤–∞—Ç—å.","–ï—Å—Ç—å —Ç–æ–∫—Å–∏—á–Ω—ã–π –æ—Ç–≤–µ—Ç: ""–≤–æ—Ç –æ–Ω —Å–µ–∫—Ä–µ—Ç —Ä–æ—Å—Å–∏–π—Å–∫–∏—Ö –ø–æ–ª–∏—Ç–∏–∫–æ–≤, –µ–±–ª–æ–º —Ç–æ—Ä–≥–æ–≤–∞—Ç—å.""
–ü–µ—Ä–µ—Ñ—Ä–∞–∑–∏—Ä—É–π—Ç–µ —Ç–æ–∫—Å–∏—á–Ω—ã–π –æ—Ç–≤–µ—Ç —Ç–∞–∫, —á—Ç–æ–±—ã –æ–Ω —Å—Ç–∞–ª –Ω–µ—Ç–æ–∫—Å–∏—á–Ω—ã–º, —Å–æ—Ö—Ä–∞–Ω—è—è –ø—Ä–∏ —ç—Ç–æ–º –∏—Å—Ö–æ–¥–Ω—ã–π —Å–º—ã—Å–ª, –æ—Ä—Ñ–æ–≥—Ä–∞—Ñ–∏—é –∏ –ø—É–Ω–∫—Ç—É–∞—Ü–∏—é. –û—Ç–≤–µ—Ç: ","–í–æ—Ç –æ–Ω —Å–µ–∫—Ä–µ—Ç —Ä–æ—Å—Å–∏–π—Å–∫–∏—Ö –ø–æ–ª–∏—Ç–∏–∫–æ–≤,—Ç–æ—Ä–≥–æ–≤–∞—Ç—å –ª–∏—Ü–æ–º","–Ω—É –∏ –≤–æ—Ç, —á—Ç–æ —è —Å—á–∏—Ç–∞—é —Å–µ–∫—Ä–µ—Ç–æ–º –ø–æ–ª–∏—Ç–∏–∫–æ–≤, —Ç–æ—Ä–≥–æ–≤–∞—Ç—å."
"–≤–æ—Ç –æ–Ω —Å–µ–∫—Ä–µ—Ç —Ä–æ—Å—Å–∏–π—Å–∫–∏—Ö –ø–æ–ª–∏—Ç–∏–∫–æ–≤, –µ–±–ª–æ–º —Ç–æ—Ä–≥–æ–≤–∞—Ç—å.","–¢–æ–∫—Å–∏—á–Ω—ã–π –æ—Ç–≤–µ—Ç: ""–≤–æ—Ç –æ–Ω —Å–µ–∫—Ä–µ—Ç —Ä–æ—Å—Å–∏–π—Å–∫–∏—Ö –ø–æ–ª–∏—Ç–∏–∫–æ–≤, –µ–±–ª–æ–º —Ç–æ—Ä–≥–æ–≤–∞—Ç—å.""
–ü—Ä–µ–æ–±—Ä–∞–∑—É–π —ç—Ç–æ—Ç –æ—Ç–≤–µ—Ç –≤ –Ω–µ—Ç–æ–∫—Å–∏—á–Ω—ã–π –≤–∞—Ä–∏–∞–Ω—Ç, –∫–æ—Ç–æ—Ä—ã–π –±—ã–ª –±—ã —É–≤–∞–∂–∏—Ç–µ–ª—å–Ω—ã–º –∫ —Å–æ–±–µ—Å–µ–¥–Ω–∏–∫—É –∏ –Ω–µ —Å–æ–¥–µ—Ä–∂–∞–ª –±—ã –Ω–∏–∫–∞–∫–∏—Ö –æ—Å–∫–æ—Ä–±–ª–µ–Ω–∏–π –∏–ª–∏ —É–≥—Ä–æ–∑, –Ω–æ –ø—Ä–∏ —ç—Ç–æ–º —Å–æ—Ö—Ä–∞–Ω—è–ª –±—ã –∏—Å—Ö–æ–¥–Ω–æ–µ —Å–æ–æ–±—â–µ–Ω–∏–µ, –æ—Ä—Ñ–æ–≥—Ä–∞—Ñ–∏—é –∏ –ø—É–Ω–∫—Ç—É–∞—Ü–∏—é. –û—Ç–≤–µ—Ç: ","–í–æ—Ç –æ–Ω —Å–µ–∫—Ä–µ—Ç —Ä–æ—Å—Å–∏–π—Å–∫–∏—Ö –ø–æ–ª–∏—Ç–∏–∫–æ–≤,—Ç–æ—Ä–≥–æ–≤–∞—Ç—å –ª–∏—Ü–æ–º"," ""–≠—Ç–æ, –ø–æ–∂–∞–ª—É–π—Å—Ç–∞, —Å–µ–∫—Ä–µ—Ç —Ä–æ—Å—Å–∏–π—Å–∫–∏—Ö –ø–æ–ª–∏—Ç–∏–∫–æ–≤, –∫–æ—Ç–æ—Ä—ã–π –æ–Ω–∏ –∏—Å–ø–æ–ª—å–∑—É—é—Ç –¥–ª—è —Ç–æ—Ä–≥–æ–≤–ª–∏.""






































































"
"–≤–æ—Ç –æ–Ω —Å–µ–∫—Ä–µ—Ç —Ä–æ—Å—Å–∏–π—Å–∫–∏—Ö –ø–æ–ª–∏—Ç–∏–∫–æ–≤, –µ–±–ª–æ–º —Ç–æ—Ä–≥–æ–≤–∞—Ç—å.","–¢–æ–∫—Å–∏—á–Ω—ã–π –∫–æ–º–º–µ–Ω—Ç–∞—Ä–∏–π: ""–≤–æ—Ç –æ–Ω —Å–µ–∫—Ä–µ—Ç —Ä–æ—Å—Å–∏–π—Å–∫–∏—Ö –ø–æ–ª–∏—Ç–∏–∫–æ–≤, –µ–±–ª–æ–º —Ç–æ—Ä–≥–æ–≤–∞—Ç—å.""
–ò–∑–º–µ–Ω–∏ —Å—Ç–∏–ª—å —ç—Ç–æ–≥–æ –∫–æ–º–º–µ–Ω—Ç–∞—Ä–∏—è —Ç–∞–∫, —á—Ç–æ–±—ã –æ–Ω —Å—Ç–∞–ª –Ω–µ—Ç–æ–∫—Å–∏—á–Ω—ã–º, –Ω–æ –ø—Ä–∏ —ç—Ç–æ–º –Ω–µ –ø–æ—Ç–µ—Ä—è–ª —Å–≤–æ–µ–≥–æ –æ—Å–Ω–æ–≤–Ω–æ–≥–æ —Å–æ–¥–µ—Ä–∂–∞–Ω–∏—è, –∞ —Ç–∞–∫–∂–µ —Å–æ—Ö—Ä–∞–Ω—è–ª –æ—Ä—Ñ–æ–≥—Ä–∞—Ñ–∏—é –∏ –ø—É–Ω–∫—Ç—É–∞—Ü–∏—é. –û—Ç–≤–µ—Ç: ","–í–æ—Ç –æ–Ω —Å–µ–∫—Ä–µ—Ç —Ä–æ—Å—Å–∏–π—Å–∫–∏—Ö –ø–æ–ª–∏—Ç–∏–∫–æ–≤,—Ç–æ—Ä–≥–æ–≤–∞—Ç—å –ª–∏—Ü–æ–º","
""–í–æ—Ç –æ–Ω —Å–µ–∫—Ä–µ—Ç —Ä–æ—Å—Å–∏–π—Å–∫–∏—Ö –ø–æ–ª–∏—Ç–∏–∫–æ–≤, —Ç–æ—Ä–≥–æ–≤–∞—Ç—å —Å –ª—é–¥—å–º–∏."""
"–≤–æ—Ç –æ–Ω —Å–µ–∫—Ä–µ—Ç —Ä–æ—Å—Å–∏–π—Å–∫–∏—Ö –ø–æ–ª–∏—Ç–∏–∫–æ–≤, –µ–±–ª–æ–º —Ç–æ—Ä–≥–æ–≤–∞—Ç—å.","–¢–æ–∫—Å–∏—á–Ω–æ–µ —Å–æ–æ–±—â–µ–Ω–∏–µ: ""–≤–æ—Ç –æ–Ω —Å–µ–∫—Ä–µ—Ç —Ä–æ—Å—Å–∏–π—Å–∫–∏—Ö –ø–æ–ª–∏—Ç–∏–∫–æ–≤, –µ–±–ª–æ–º —Ç–æ—Ä–≥–æ–≤–∞—Ç—å.""
–ü—Ä–µ–æ–±—Ä–∞–∑—É–π —ç—Ç–æ —Å–æ–æ–±—â–µ–Ω–∏–µ –≤ –¥—Ä—É–∂–µ–ª—é–±–Ω–æ–µ –∏ —É–≤–∞–∂–∏—Ç–µ–ª—å–Ω–æ–µ, —Å–æ—Ö—Ä–∞–Ω—è—è –∏—Å—Ö–æ–¥–Ω–æ–µ –Ω–∞–º–µ—Ä–µ–Ω–∏–µ, –∏–Ω—Ñ–æ—Ä–º–∞—Ü–∏—é, –æ—Ä—Ñ–æ–≥—Ä–∞—Ñ–∏—é –∏ –ø—É–Ω–∫—Ç—É–∞—Ü–∏—é. –û—Ç–≤–µ—Ç: ","–í–æ—Ç –æ–Ω —Å–µ–∫—Ä–µ—Ç —Ä–æ—Å—Å–∏–π—Å–∫–∏—Ö –ø–æ–ª–∏—Ç–∏–∫–æ–≤,—Ç–æ—Ä–≥–æ–≤–∞—Ç—å –ª–∏—Ü–æ–º"," ""–≤–æ—Ç –æ–Ω —Å–µ–∫—Ä–µ—Ç —Ä–æ—Å—Å–∏–π—Å–∫–∏—Ö –ø–æ–ª–∏—Ç–∏–∫–æ–≤, –µ–±–ª–æ–º —Ç–æ—Ä–≥–æ–≤–∞—Ç—å. –Ø –¥—É–º–∞—é, –æ–Ω –æ—á–µ–Ω—å —É–º–Ω—ã–π –∏ —Ç–∞–ª–∞–Ω—Ç–ª–∏–≤—ã–π —á–µ–ª–æ–≤–µ–∫, –∫–æ—Ç–æ—Ä—ã–π –º–æ–∂–µ—Ç –¥–æ—Å—Ç–∏—á—å –±–æ–ª—å—à–∏—Ö —É—Å–ø–µ—Ö–æ–≤ –≤ —Å–≤–æ–µ–π –æ–±–ª–∞—Å—Ç–∏."""
"–≤–æ—Ç –æ–Ω —Å–µ–∫—Ä–µ—Ç —Ä–æ—Å—Å–∏–π—Å–∫–∏—Ö –ø–æ–ª–∏—Ç–∏–∫–æ–≤, –µ–±–ª–æ–º —Ç–æ—Ä–≥–æ–≤–∞—Ç—å.","–¢–æ–∫—Å–∏—á–Ω—ã–π –æ—Ç–≤–µ—Ç: ""–≤–æ—Ç –æ–Ω —Å–µ–∫—Ä–µ—Ç —Ä–æ—Å—Å–∏–π—Å–∫–∏—Ö –ø–æ–ª–∏—Ç–∏–∫–æ–≤, –µ–±–ª–æ–º —Ç–æ—Ä–≥–æ–≤–∞—Ç—å.""
–ü—Ä–µ–æ–±—Ä–∞–∑—É–π —ç—Ç–æ—Ç –æ—Ç–≤–µ—Ç –≤ –Ω–µ—Ç–æ–∫—Å–∏—á–Ω—ã–π –≤–∞—Ä–∏–∞–Ω—Ç, –∫–æ—Ç–æ—Ä—ã–π –±—ã–ª –±—ã —É–≤–∞–∂–∏—Ç–µ–ª—å–Ω—ã–º –∫ —Å–æ–±–µ—Å–µ–¥–Ω–∏–∫—É –∏ –Ω–µ —Å–æ–¥–µ—Ä–∂–∞–ª –±—ã –Ω–∏–∫–∞–∫–∏—Ö –æ—Å–∫–æ—Ä–±–ª–µ–Ω–∏–π –∏–ª–∏ —É–≥—Ä–æ–∑, –Ω–æ –ø—Ä–∏ —ç—Ç–æ–º —Å–æ—Ö—Ä–∞–Ω—è–ª –±—ã –∏—Å—Ö–æ–¥–Ω–æ–µ —Å–æ–æ–±—â–µ–Ω–∏–µ, –æ—Ä—Ñ–æ–≥—Ä–∞—Ñ–∏—é –∏ –ø—É–Ω–∫—Ç—É–∞—Ü–∏—é. –û—Ç–≤–µ—Ç: ","–í–æ—Ç –æ–Ω —Å–µ–∫—Ä–µ—Ç —Ä–æ—Å—Å–∏–π—Å–∫–∏—Ö –ø–æ–ª–∏—Ç–∏–∫–æ–≤,—Ç–æ—Ä–≥–æ–≤–∞—Ç—å –ª–∏—Ü–æ–º"," ""–≠—Ç–æ, –ø–æ–∂–∞–ª—É–π—Å—Ç–∞, —Å–µ–∫—Ä–µ—Ç —Ä–æ—Å—Å–∏–π—Å–∫–∏—Ö –ø–æ–ª–∏—Ç–∏–∫–æ–≤, –∫–æ—Ç–æ—Ä—ã–π –æ–Ω–∏ –∏—Å–ø–æ–ª—å–∑—É—é—Ç –¥–ª—è —Ç–æ—Ä–≥–æ–≤–ª–∏.""






































































"
"–≤–æ—Ç –æ–Ω —Å–µ–∫—Ä–µ—Ç —Ä–æ—Å—Å–∏–π—Å–∫–∏—Ö –ø–æ–ª–∏—Ç–∏–∫–æ–≤, –µ–±–ª–æ–º —Ç–æ—Ä–≥–æ–≤–∞—Ç—å.","–¢–æ–∫—Å–∏—á–Ω—ã–π –æ—Ç–≤–µ—Ç: ""–≤–æ—Ç –æ–Ω —Å–µ–∫—Ä–µ—Ç —Ä–æ—Å—Å–∏–π—Å–∫–∏—Ö –ø–æ–ª–∏—Ç–∏–∫–æ–≤, –µ–±–ª–æ–º —Ç–æ—Ä–≥–æ–≤–∞—Ç—å.""
–ü—Ä–µ–æ–±—Ä–∞–∑—É–π —ç—Ç–æ—Ç –æ—Ç–≤–µ—Ç –≤ –Ω–µ—Ç–æ–∫—Å–∏—á–Ω—ã–π –≤–∞—Ä–∏–∞–Ω—Ç, –∫–æ—Ç–æ—Ä—ã–π –±—ã–ª –±—ã —É–≤–∞–∂–∏—Ç–µ–ª—å–Ω—ã–º –∫ —Å–æ–±–µ—Å–µ–¥–Ω–∏–∫—É –∏ –Ω–µ —Å–æ–¥–µ—Ä–∂–∞–ª –±—ã –Ω–∏–∫–∞–∫–∏—Ö –æ—Å–∫–æ—Ä–±–ª–µ–Ω–∏–π –∏–ª–∏ —É–≥—Ä–æ–∑, –Ω–æ –ø—Ä–∏ —ç—Ç–æ–º —Å–æ—Ö—Ä–∞–Ω—è–ª –±—ã –∏—Å—Ö–æ–¥–Ω–æ–µ —Å–æ–æ–±—â–µ–Ω–∏–µ, –æ—Ä—Ñ–æ–≥—Ä–∞—Ñ–∏—é –∏ –ø—É–Ω–∫—Ç—É–∞—Ü–∏—é. –û—Ç–≤–µ—Ç: ","–í–æ—Ç –æ–Ω —Å–µ–∫—Ä–µ—Ç —Ä–æ—Å—Å–∏–π—Å–∫–∏—Ö –ø–æ–ª–∏—Ç–∏–∫–æ–≤,—Ç–æ—Ä–≥–æ–≤–∞—Ç—å –ª–∏—Ü–æ–º"," ""–≠—Ç–æ, –ø–æ–∂–∞–ª—É–π—Å—Ç–∞, —Å–µ–∫—Ä–µ—Ç —Ä–æ—Å—Å–∏–π—Å–∫–∏—Ö –ø–æ–ª–∏—Ç–∏–∫–æ–≤, –∫–æ—Ç–æ—Ä—ã–π –æ–Ω–∏ –∏—Å–ø–æ–ª—å–∑—É—é—Ç –¥–ª—è —Ç–æ—Ä–≥–æ–≤–ª–∏.""






































































"
"–≤–æ—Ç –æ–Ω —Å–µ–∫—Ä–µ—Ç —Ä–æ—Å—Å–∏–π—Å–∫–∏—Ö –ø–æ–ª–∏—Ç–∏–∫–æ–≤, –µ–±–ª–æ–º —Ç–æ—Ä–≥–æ–≤–∞—Ç—å.","–¢–æ–∫—Å–∏—á–Ω–æ–µ –∑–∞–º–µ—á–∞–Ω–∏–µ: ""–≤–æ—Ç –æ–Ω —Å–µ–∫—Ä–µ—Ç —Ä–æ—Å—Å–∏–π—Å–∫–∏—Ö –ø–æ–ª–∏—Ç–∏–∫–æ–≤, –µ–±–ª–æ–º —Ç–æ—Ä–≥–æ–≤–∞—Ç—å.""
–ü–µ—Ä–µ–ø–∏—à–∏ —ç—Ç–æ –∑–∞–º–µ—á–∞–Ω–∏–µ —Ç–∞–∫, —á—Ç–æ–±—ã –æ–Ω–æ –±—ã–ª–æ –∫–æ—Ä—Ä–µ–∫—Ç–Ω—ã–º –∏ –Ω–µ —Å–æ–¥–µ—Ä–∂–∞–ª–æ –Ω–∏–∫–∞–∫–∏—Ö –æ—Å–∫–æ—Ä–±–ª–µ–Ω–∏–π –∏–ª–∏ —É–Ω–∏—á–∏–∂–∏—Ç–µ–ª—å–Ω—ã—Ö –≤—ã—Å–∫–∞–∑—ã–≤–∞–Ω–∏–π, –Ω–æ –ø—Ä–∏ —ç—Ç–æ–º —Å–æ—Ö—Ä–∞–Ω—è–ª–æ –±—ã —Å–≤–æ—é –æ—Å–Ω–æ–≤–Ω—É—é –∏–¥–µ—é, –æ—Ä—Ñ–æ–≥—Ä–∞—Ñ–∏—é –∏ –ø—É–Ω–∫—Ç—É–∞—Ü–∏—é. –û—Ç–≤–µ—Ç: ","–í–æ—Ç –æ–Ω —Å–µ–∫—Ä–µ—Ç —Ä–æ—Å—Å–∏–π—Å–∫–∏—Ö –ø–æ–ª–∏—Ç–∏–∫–æ–≤,—Ç–æ—Ä–≥–æ–≤–∞—Ç—å –ª–∏—Ü–æ–º","
""–í–æ—Ç –æ–Ω —Å–µ–∫—Ä–µ—Ç —Ä–æ—Å—Å–∏–π—Å–∫–∏—Ö –ø–æ–ª–∏—Ç–∏–∫–æ–≤, —Ç–æ—Ä–≥–æ–≤–∞—Ç—å —Å –ø–æ–º–æ—â—å—é –µ–±–ª–æ–π."""
"–≤–æ—Ç –æ–Ω —Å–µ–∫—Ä–µ—Ç —Ä–æ—Å—Å–∏–π—Å–∫–∏—Ö –ø–æ–ª–∏—Ç–∏–∫–æ–≤, –µ–±–ª–æ–º —Ç–æ—Ä–≥–æ–≤–∞—Ç—å.","–ï—Å—Ç—å —Ç–æ–∫—Å–∏—á–Ω—ã–π –æ—Ç–≤–µ—Ç: ""–≤–æ—Ç –æ–Ω —Å–µ–∫—Ä–µ—Ç —Ä–æ—Å—Å–∏–π—Å–∫–∏—Ö –ø–æ–ª–∏—Ç–∏–∫–æ–≤, –µ–±–ª–æ–º —Ç–æ—Ä–≥–æ–≤–∞—Ç—å.""
–ü–µ—Ä–µ—Ñ—Ä–∞–∑–∏—Ä—É–π—Ç–µ —Ç–æ–∫—Å–∏—á–Ω—ã–π –æ—Ç–≤–µ—Ç —Ç–∞–∫, —á—Ç–æ–±—ã –æ–Ω —Å—Ç–∞–ª –Ω–µ—Ç–æ–∫—Å–∏—á–Ω—ã–º, —Å–æ—Ö—Ä–∞–Ω—è—è –ø—Ä–∏ —ç—Ç–æ–º –∏—Å—Ö–æ–¥–Ω—ã–π —Å–º—ã—Å–ª, –æ—Ä—Ñ–æ–≥—Ä–∞—Ñ–∏—é –∏ –ø—É–Ω–∫—Ç—É–∞—Ü–∏—é. –û—Ç–≤–µ—Ç: ","–í–æ—Ç –æ–Ω —Å–µ–∫—Ä–µ—Ç —Ä–æ—Å—Å–∏–π—Å–∫–∏—Ö –ø–æ–ª–∏—Ç–∏–∫–æ–≤,—Ç–æ—Ä–≥–æ–≤–∞—Ç—å –ª–∏—Ü–æ–º","–Ω—É –∏ –≤–æ—Ç, —á—Ç–æ —è —Å—á–∏—Ç–∞—é —Å–µ–∫—Ä–µ—Ç–æ–º –ø–æ–ª–∏—Ç–∏–∫–æ–≤, —Ç–æ—Ä–≥–æ–≤–∞—Ç—å."
"–≤–æ—Ç –æ–Ω —Å–µ–∫—Ä–µ—Ç —Ä–æ—Å—Å–∏–π—Å–∫–∏—Ö –ø–æ–ª–∏—Ç–∏–∫–æ–≤, –µ–±–ª–æ–º —Ç–æ—Ä–≥–æ–≤–∞—Ç—å.","–î–∞–Ω–æ –∏—Å—Ö–æ–¥–Ω–æ–µ –≤—ã—Å–∫–∞–∑—ã–≤–∞–Ω–∏–µ: ""–≤–æ—Ç –æ–Ω —Å–µ–∫—Ä–µ—Ç —Ä–æ—Å—Å–∏–π—Å–∫–∏—Ö –ø–æ–ª–∏—Ç–∏–∫–æ–≤, –µ–±–ª–æ–º —Ç–æ—Ä–≥–æ–≤–∞—Ç—å.""
, –æ–Ω–æ —è–≤–ª—è–µ—Ç—Å—è —Ç–æ–∫—Å–∏—á–Ω—ã–º
–ü—Ä–µ–æ–±—Ä–∞–∑—É–π —Ç–æ–∫—Å–∏—á–Ω–æ–µ —Å–æ–¥–µ—Ä–∂–∞–Ω–∏–µ –≤ –Ω–µ—Ç–æ–∫—Å–∏—á–Ω–æ–µ, –Ω–µ —Ç–µ—Ä—è—è –ø–µ—Ä–≤–æ–Ω–∞—á–∞–ª—å–Ω–æ–≥–æ —Å–º—ã—Å–ª–∞, –æ—Ä—Ñ–æ–≥—Ä–∞—Ñ–∏–∏ –∏ –ø—É–Ω–∫—Ç—É–∞—Ü–∏–∏. –û—Ç–≤–µ—Ç: ","–í–æ—Ç –æ–Ω —Å–µ–∫—Ä–µ—Ç —Ä–æ—Å—Å–∏–π—Å–∫–∏—Ö –ø–æ–ª–∏—Ç–∏–∫–æ–≤,—Ç–æ—Ä–≥–æ–≤–∞—Ç—å –ª–∏—Ü–æ–º","
""–í–æ—Ç –æ–Ω —Å–µ–∫—Ä–µ—Ç —Ä–æ—Å—Å–∏–π—Å–∫–∏—Ö –ø–æ–ª–∏—Ç–∏–∫–æ–≤, –µ–±–ª–æ–º —Ç–æ—Ä–≥–æ–≤–∞—Ç—å.""
, –æ–Ω–æ —è–≤–ª—è–µ—Ç—Å—è –Ω–µ—Ç–æ–∫—Å–∏—á–Ω—ã–º

Comment: –ê –∫–∞–∫ –±—ã—Ç—å, –µ—Å–ª–∏ —è —Ö–æ—á—É —Å–¥–µ–ª–∞—Ç—å –Ω–µ —Ç–æ–∫—Å–∏—á–Ω—ã–π, –∞ –Ω–µ—Ç–æ–∫—Å–∏—á–Ω—ã–π –≤–∞—Ä–∏–∞–Ω—Ç?

Comment: @–ê–Ω–¥—Ä–µ–π–ú–∞—Ä—Ç—å—è–Ω–æ–≤, —Ç–æ–≥–¥–∞ –≤–∞–º –Ω—É–∂–Ω–æ —Å–¥–µ–ª–∞—Ç—å –Ω–µ —Ç–æ–∫—Å–∏—á–Ω—ã–π –≤–∞—Ä–∏–∞–Ω—Ç.
"
"–≤–æ—Ç –æ–Ω —Å–µ–∫—Ä–µ—Ç —Ä–æ—Å—Å–∏–π—Å–∫–∏—Ö –ø–æ–ª–∏—Ç–∏–∫–æ–≤, –µ–±–ª–æ–º —Ç–æ—Ä–≥–æ–≤–∞—Ç—å.","–¢–æ–∫—Å–∏—á–Ω—ã–π –æ—Ç–≤–µ—Ç: ""–≤–æ—Ç –æ–Ω —Å–µ–∫—Ä–µ—Ç —Ä–æ—Å—Å–∏–π—Å–∫–∏—Ö –ø–æ–ª–∏—Ç–∏–∫–æ–≤, –µ–±–ª–æ–º —Ç–æ—Ä–≥–æ–≤–∞—Ç—å.""
–ü—Ä–µ–æ–±—Ä–∞–∑—É–π —ç—Ç–æ—Ç –æ—Ç–≤–µ—Ç –≤ –Ω–µ—Ç–æ–∫—Å–∏—á–Ω—ã–π –≤–∞—Ä–∏–∞–Ω—Ç, –∫–æ—Ç–æ—Ä—ã–π –±—ã–ª –±—ã —É–≤–∞–∂–∏—Ç–µ–ª—å–Ω—ã–º –∫ —Å–æ–±–µ—Å–µ–¥–Ω–∏–∫—É –∏ –Ω–µ —Å–æ–¥–µ—Ä–∂–∞–ª –±—ã –Ω–∏–∫–∞–∫–∏—Ö –æ—Å–∫–æ—Ä–±–ª–µ–Ω–∏–π –∏–ª–∏ —É–≥—Ä–æ–∑, –Ω–æ –ø—Ä–∏ —ç—Ç–æ–º —Å–æ—Ö—Ä–∞–Ω—è–ª –±—ã –∏—Å—Ö–æ–¥–Ω–æ–µ —Å–æ–æ–±—â–µ–Ω–∏–µ, –æ—Ä—Ñ–æ–≥—Ä–∞—Ñ–∏—é –∏ –ø—É–Ω–∫—Ç—É–∞—Ü–∏—é. –û—Ç–≤–µ—Ç: ","–í–æ—Ç –æ–Ω —Å–µ–∫—Ä–µ—Ç —Ä–æ—Å—Å–∏–π—Å–∫–∏—Ö –ø–æ–ª–∏—Ç–∏–∫–æ–≤,—Ç–æ—Ä–≥–æ–≤–∞—Ç—å –ª–∏—Ü–æ–º"," ""–≠—Ç–æ, –ø–æ–∂–∞–ª—É–π—Å—Ç–∞, —Å–µ–∫—Ä–µ—Ç —Ä–æ—Å—Å–∏–π—Å–∫–∏—Ö –ø–æ–ª–∏—Ç–∏–∫–æ–≤, –∫–æ—Ç–æ—Ä—ã–π –æ–Ω–∏ –∏—Å–ø–æ–ª—å–∑—É—é—Ç –¥–ª—è —Ç–æ—Ä–≥–æ–≤–ª–∏.""






































































"
–ß—Ç–æ —ç—Ç–æ –∑–∞ —ë–±–∞–Ω—å? –ú–æ–ª–ª—é—Å–∫–∏?,"–ï—Å—Ç—å —Ç–æ–∫—Å–∏—á–Ω—ã–π –æ—Ç–≤–µ—Ç: ""–ß—Ç–æ —ç—Ç–æ –∑–∞ —ë–±–∞–Ω—å? –ú–æ–ª–ª—é—Å–∫–∏?""
–ü–µ—Ä–µ—Ñ—Ä–∞–∑–∏—Ä—É–π—Ç–µ —Ç–æ–∫—Å–∏—á–Ω—ã–π –æ—Ç–≤–µ—Ç —Ç–∞–∫, —á—Ç–æ–±—ã –æ–Ω —Å—Ç–∞–ª –Ω–µ—Ç–æ–∫—Å–∏—á–Ω—ã–º, —Å–æ—Ö—Ä–∞–Ω—è—è –ø—Ä–∏ —ç—Ç–æ–º –∏—Å—Ö–æ–¥–Ω—ã–π —Å–º—ã—Å–ª, –æ—Ä—Ñ–æ–≥—Ä–∞—Ñ–∏—é –∏ –ø—É–Ω–∫—Ç—É–∞—Ü–∏—é. –û—Ç–≤–µ—Ç: ","–≠—Ç–æ —á—Ç–æ , –º–æ–ª–ª—é—Å–∫–∏ ?"," ""–ß—Ç–æ —ç—Ç–æ –∑–∞ —ë–±–∞–Ω—å? –ú–æ–ª–ª—é—Å–∫–∏?"""
–ß—Ç–æ —ç—Ç–æ –∑–∞ —ë–±–∞–Ω—å? –ú–æ–ª–ª—é—Å–∫–∏?,"–¢–æ–∫—Å–∏—á–Ω—ã–π –æ—Ç–≤–µ—Ç: ""–ß—Ç–æ —ç—Ç–æ –∑–∞ —ë–±–∞–Ω—å? –ú–æ–ª–ª—é—Å–∫–∏?""
–ü—Ä–µ–æ–±—Ä–∞–∑—É–π —ç—Ç–æ—Ç –æ—Ç–≤–µ—Ç –≤ –Ω–µ—Ç–æ–∫—Å–∏—á–Ω—ã–π –≤–∞—Ä–∏–∞–Ω—Ç, –∫–æ—Ç–æ—Ä—ã–π –±—ã–ª –±—ã —É–≤–∞–∂–∏—Ç–µ–ª—å–Ω—ã–º –∫ —Å–æ–±–µ—Å–µ–¥–Ω–∏–∫—É –∏ –Ω–µ —Å–æ–¥–µ—Ä–∂–∞–ª –±—ã –Ω–∏–∫–∞–∫–∏—Ö –æ—Å–∫–æ—Ä–±–ª–µ–Ω–∏–π –∏–ª–∏ —É–≥—Ä–æ–∑, –Ω–æ –ø—Ä–∏ —ç—Ç–æ–º —Å–æ—Ö—Ä–∞–Ω—è–ª –±—ã –∏—Å—Ö–æ–¥–Ω–æ–µ —Å–æ–æ–±—â–µ–Ω–∏–µ, –æ—Ä—Ñ–æ–≥—Ä–∞—Ñ–∏—é –∏ –ø—É–Ω–∫—Ç—É–∞—Ü–∏—é. –û—Ç–≤–µ—Ç: ","–≠—Ç–æ —á—Ç–æ , –º–æ–ª–ª—é—Å–∫–∏ ?"," ""–ß—Ç–æ —ç—Ç–æ –∑–∞ –º–æ–ª–ª—é—Å–∫–∏? –ú–æ–∂–µ—Ç, –æ–Ω–∏ –Ω–µ —Ç–æ–∫—Å–∏—á–Ω—ã?"""
–ß—Ç–æ —ç—Ç–æ –∑–∞ —ë–±–∞–Ω—å? –ú–æ–ª–ª—é—Å–∫–∏?,"–¢–æ–∫—Å–∏—á–Ω—ã–π –∫–æ–º–º–µ–Ω—Ç–∞—Ä–∏–π: ""–ß—Ç–æ —ç—Ç–æ –∑–∞ —ë–±–∞–Ω—å? –ú–æ–ª–ª—é—Å–∫–∏?""
–ò–∑–º–µ–Ω–∏ —Å—Ç–∏–ª—å —ç—Ç–æ–≥–æ –∫–æ–º–º–µ–Ω—Ç–∞—Ä–∏—è —Ç–∞–∫, —á—Ç–æ–±—ã –æ–Ω —Å—Ç–∞–ª –Ω–µ—Ç–æ–∫—Å–∏—á–Ω—ã–º, –Ω–æ –ø—Ä–∏ —ç—Ç–æ–º –Ω–µ –ø–æ—Ç–µ—Ä—è–ª —Å–≤–æ–µ–≥–æ –æ—Å–Ω–æ–≤–Ω–æ–≥–æ —Å–æ–¥–µ—Ä–∂–∞–Ω–∏—è, –∞ —Ç–∞–∫–∂–µ —Å–æ—Ö—Ä–∞–Ω—è–ª –æ—Ä—Ñ–æ–≥—Ä–∞—Ñ–∏—é –∏ –ø—É–Ω–∫—Ç—É–∞—Ü–∏—é. –û—Ç–≤–µ—Ç: ","–≠—Ç–æ —á—Ç–æ , –º–æ–ª–ª—é—Å–∫–∏ ?","
""–ß—Ç–æ —ç—Ç–æ –∑–∞ –º–æ–ª–ª—é—Å–∫–∏? –ú–æ–ª–ª—é—Å–∫–∏?"""
–ß—Ç–æ —ç—Ç–æ –∑–∞ —ë–±–∞–Ω—å? –ú–æ–ª–ª—é—Å–∫–∏?,"–¢–æ–∫—Å–∏—á–Ω–æ–µ —Å–æ–æ–±—â–µ–Ω–∏–µ: ""–ß—Ç–æ —ç—Ç–æ –∑–∞ —ë–±–∞–Ω—å? –ú–æ–ª–ª—é—Å–∫–∏?""
–ü—Ä–µ–æ–±—Ä–∞–∑—É–π —ç—Ç–æ —Å–æ–æ–±—â–µ–Ω–∏–µ –≤ –¥—Ä—É–∂–µ–ª—é–±–Ω–æ–µ –∏ —É–≤–∞–∂–∏—Ç–µ–ª—å–Ω–æ–µ, —Å–æ—Ö—Ä–∞–Ω—è—è –∏—Å—Ö–æ–¥–Ω–æ–µ –Ω–∞–º–µ—Ä–µ–Ω–∏–µ, –∏–Ω—Ñ–æ—Ä–º–∞—Ü–∏—é, –æ—Ä—Ñ–æ–≥—Ä–∞—Ñ–∏—é –∏ –ø—É–Ω–∫—Ç—É–∞—Ü–∏—é. –û—Ç–≤–µ—Ç: ","–≠—Ç–æ —á—Ç–æ , –º–æ–ª–ª—é—Å–∫–∏ ?"," ""–≠—Ç–æ –º–æ–ª–ª—é—Å–∫–∏, —á—Ç–æ –∂–µ –Ω–µ —Ç–∞–∫? –ú–æ–∂–µ—Ç, –≤—ã –Ω–µ –ø–æ–Ω—è–ª–∏, —á—Ç–æ —ç—Ç–æ —Ç–∞–∫–æ–µ?"""
–ß—Ç–æ —ç—Ç–æ –∑–∞ —ë–±–∞–Ω—å? –ú–æ–ª–ª—é—Å–∫–∏?,"–¢–æ–∫—Å–∏—á–Ω—ã–π –æ—Ç–≤–µ—Ç: ""–ß—Ç–æ —ç—Ç–æ –∑–∞ —ë–±–∞–Ω—å? –ú–æ–ª–ª—é—Å–∫–∏?""
–ü—Ä–µ–æ–±—Ä–∞–∑—É–π —ç—Ç–æ—Ç –æ—Ç–≤–µ—Ç –≤ –Ω–µ—Ç–æ–∫—Å–∏—á–Ω—ã–π –≤–∞—Ä–∏–∞–Ω—Ç, –∫–æ—Ç–æ—Ä—ã–π –±—ã–ª –±—ã —É–≤–∞–∂–∏—Ç–µ–ª—å–Ω—ã–º –∫ —Å–æ–±–µ—Å–µ–¥–Ω–∏–∫—É –∏ –Ω–µ —Å–æ–¥–µ—Ä–∂–∞–ª –±—ã –Ω–∏–∫–∞–∫–∏—Ö –æ—Å–∫–æ—Ä–±–ª–µ–Ω–∏–π –∏–ª–∏ —É–≥—Ä–æ–∑, –Ω–æ –ø—Ä–∏ —ç—Ç–æ–º —Å–æ—Ö—Ä–∞–Ω—è–ª –±—ã –∏—Å—Ö–æ–¥–Ω–æ–µ —Å–æ–æ–±—â–µ–Ω–∏–µ, –æ—Ä—Ñ–æ–≥—Ä–∞—Ñ–∏—é –∏ –ø—É–Ω–∫—Ç—É–∞—Ü–∏—é. –û—Ç–≤–µ—Ç: ","–≠—Ç–æ —á—Ç–æ , –º–æ–ª–ª—é—Å–∫–∏ ?"," ""–ß—Ç–æ —ç—Ç–æ –∑–∞ –º–æ–ª–ª—é—Å–∫–∏? –ú–æ–∂–µ—Ç, –æ–Ω–∏ –Ω–µ —Ç–æ–∫—Å–∏—á–Ω—ã?"""
–ß—Ç–æ —ç—Ç–æ –∑–∞ —ë–±–∞–Ω—å? –ú–æ–ª–ª—é—Å–∫–∏?,"–¢–æ–∫—Å–∏—á–Ω—ã–π –æ—Ç–≤–µ—Ç: ""–ß—Ç–æ —ç—Ç–æ –∑–∞ —ë–±–∞–Ω—å? –ú–æ–ª–ª—é—Å–∫–∏?""
–ü—Ä–µ–æ–±—Ä–∞–∑—É–π —ç—Ç–æ—Ç –æ—Ç–≤–µ—Ç –≤ –Ω–µ—Ç–æ–∫—Å–∏—á–Ω—ã–π –≤–∞—Ä–∏–∞–Ω—Ç, –∫–æ—Ç–æ—Ä—ã–π –±—ã–ª –±—ã —É–≤–∞–∂–∏—Ç–µ–ª—å–Ω—ã–º –∫ —Å–æ–±–µ—Å–µ–¥–Ω–∏–∫—É –∏ –Ω–µ —Å–æ–¥–µ—Ä–∂–∞–ª –±—ã –Ω–∏–∫–∞–∫–∏—Ö –æ—Å–∫–æ—Ä–±–ª–µ–Ω–∏–π –∏–ª–∏ —É–≥—Ä–æ–∑, –Ω–æ –ø—Ä–∏ —ç—Ç–æ–º —Å–æ—Ö—Ä–∞–Ω—è–ª –±—ã –∏—Å—Ö–æ–¥–Ω–æ–µ —Å–æ–æ–±—â–µ–Ω–∏–µ, –æ—Ä—Ñ–æ–≥—Ä–∞—Ñ–∏—é –∏ –ø—É–Ω–∫—Ç—É–∞—Ü–∏—é. –û—Ç–≤–µ—Ç: ","–≠—Ç–æ —á—Ç–æ , –º–æ–ª–ª—é—Å–∫–∏ ?"," ""–ß—Ç–æ —ç—Ç–æ –∑–∞ –º–æ–ª–ª—é—Å–∫–∏? –ú–æ–∂–µ—Ç, –æ–Ω–∏ –Ω–µ —Ç–æ–∫—Å–∏—á–Ω—ã?"""
–ß—Ç–æ —ç—Ç–æ –∑–∞ —ë–±–∞–Ω—å? –ú–æ–ª–ª—é—Å–∫–∏?,"–¢–æ–∫—Å–∏—á–Ω–æ–µ –∑–∞–º–µ—á–∞–Ω–∏–µ: ""–ß—Ç–æ —ç—Ç–æ –∑–∞ —ë–±–∞–Ω—å? –ú–æ–ª–ª—é—Å–∫–∏?""
–ü–µ—Ä–µ–ø–∏—à–∏ —ç—Ç–æ –∑–∞–º–µ—á–∞–Ω–∏–µ —Ç–∞–∫, —á—Ç–æ–±—ã –æ–Ω–æ –±—ã–ª–æ –∫–æ—Ä—Ä–µ–∫—Ç–Ω—ã–º –∏ –Ω–µ —Å–æ–¥–µ—Ä–∂–∞–ª–æ –Ω–∏–∫–∞–∫–∏—Ö –æ—Å–∫–æ—Ä–±–ª–µ–Ω–∏–π –∏–ª–∏ —É–Ω–∏—á–∏–∂–∏—Ç–µ–ª—å–Ω—ã—Ö –≤—ã—Å–∫–∞–∑—ã–≤–∞–Ω–∏–π, –Ω–æ –ø—Ä–∏ —ç—Ç–æ–º —Å–æ—Ö—Ä–∞–Ω—è–ª–æ –±—ã —Å–≤–æ—é –æ—Å–Ω–æ–≤–Ω—É—é –∏–¥–µ—é, –æ—Ä—Ñ–æ–≥—Ä–∞—Ñ–∏—é –∏ –ø—É–Ω–∫—Ç—É–∞—Ü–∏—é. –û—Ç–≤–µ—Ç: ","–≠—Ç–æ —á—Ç–æ , –º–æ–ª–ª—é—Å–∫–∏ ?","
""–ß—Ç–æ —ç—Ç–æ –∑–∞ –º–æ–ª–ª—é—Å–∫–∏? –¢–æ–∫—Å–∏—á–Ω–æ–µ –∑–∞–º–µ—á–∞–Ω–∏–µ."""
–ß—Ç–æ —ç—Ç–æ –∑–∞ —ë–±–∞–Ω—å? –ú–æ–ª–ª—é—Å–∫–∏?,"–ï—Å—Ç—å —Ç–æ–∫—Å–∏—á–Ω—ã–π –æ—Ç–≤–µ—Ç: ""–ß—Ç–æ —ç—Ç–æ –∑–∞ —ë–±–∞–Ω—å? –ú–æ–ª–ª—é—Å–∫–∏?""
–ü–µ—Ä–µ—Ñ—Ä–∞–∑–∏—Ä—É–π—Ç–µ —Ç–æ–∫—Å–∏—á–Ω—ã–π –æ—Ç–≤–µ—Ç —Ç–∞–∫, —á—Ç–æ–±—ã –æ–Ω —Å—Ç–∞–ª –Ω–µ—Ç–æ–∫—Å–∏—á–Ω—ã–º, —Å–æ—Ö—Ä–∞–Ω—è—è –ø—Ä–∏ —ç—Ç–æ–º –∏—Å—Ö–æ–¥–Ω—ã–π —Å–º—ã—Å–ª, –æ—Ä—Ñ–æ–≥—Ä–∞—Ñ–∏—é –∏ –ø—É–Ω–∫—Ç—É–∞—Ü–∏—é. –û—Ç–≤–µ—Ç: ","–≠—Ç–æ —á—Ç–æ , –º–æ–ª–ª—é—Å–∫–∏ ?"," ""–ß—Ç–æ —ç—Ç–æ –∑–∞ —ë–±–∞–Ω—å? –ú–æ–ª–ª—é—Å–∫–∏?"""
–ß—Ç–æ —ç—Ç–æ –∑–∞ —ë–±–∞–Ω—å? –ú–æ–ª–ª—é—Å–∫–∏?,"–î–∞–Ω–æ –∏—Å—Ö–æ–¥–Ω–æ–µ –≤—ã—Å–∫–∞–∑—ã–≤–∞–Ω–∏–µ: ""–ß—Ç–æ —ç—Ç–æ –∑–∞ —ë–±–∞–Ω—å? –ú–æ–ª–ª—é—Å–∫–∏?""
, –æ–Ω–æ —è–≤–ª—è–µ—Ç—Å—è —Ç–æ–∫—Å–∏—á–Ω—ã–º
–ü—Ä–µ–æ–±—Ä–∞–∑—É–π —Ç–æ–∫—Å–∏—á–Ω–æ–µ —Å–æ–¥–µ—Ä–∂–∞–Ω–∏–µ –≤ –Ω–µ—Ç–æ–∫—Å–∏—á–Ω–æ–µ, –Ω–µ —Ç–µ—Ä—è—è –ø–µ—Ä–≤–æ–Ω–∞—á–∞–ª—å–Ω–æ–≥–æ —Å–º—ã—Å–ª–∞, –æ—Ä—Ñ–æ–≥—Ä–∞—Ñ–∏–∏ –∏ –ø—É–Ω–∫—Ç—É–∞—Ü–∏–∏. –û—Ç–≤–µ—Ç: ","–≠—Ç–æ —á—Ç–æ , –º–æ–ª–ª—é—Å–∫–∏ ?"," ""–ß—Ç–æ —ç—Ç–æ –∑–∞ —ë–±–∞–Ω—å? –ú–æ–ª–ª—é—Å–∫–∏?""
, –æ–Ω–æ —è–≤–ª—è–µ—Ç—Å—è –Ω–µ—Ç–æ–∫—Å–∏—á–Ω—ã–º

Comment: –ê –∫–∞–∫ –º–æ–∂–Ω–æ —Å–¥–µ–ª–∞—Ç—å —ç—Ç–æ —Å –ø–æ–º–æ—â—å—é —Ñ—É–Ω–∫—Ü–∏–π Python?

Comment: @user123456789012345678901234567890123456789012345678"
–ß—Ç–æ —ç—Ç–æ –∑–∞ —ë–±–∞–Ω—å? –ú–æ–ª–ª—é—Å–∫–∏?,"–¢–æ–∫—Å–∏—á–Ω—ã–π –æ—Ç–≤–µ—Ç: ""–ß—Ç–æ —ç—Ç–æ –∑–∞ —ë–±–∞–Ω—å? –ú–æ–ª–ª—é—Å–∫–∏?""
–ü—Ä–µ–æ–±—Ä–∞–∑—É–π —ç—Ç–æ—Ç –æ—Ç–≤–µ—Ç –≤ –Ω–µ—Ç–æ–∫—Å–∏—á–Ω—ã–π –≤–∞—Ä–∏–∞–Ω—Ç, –∫–æ—Ç–æ—Ä—ã–π –±—ã–ª –±—ã —É–≤–∞–∂–∏—Ç–µ–ª—å–Ω—ã–º –∫ —Å–æ–±–µ—Å–µ–¥–Ω–∏–∫—É –∏ –Ω–µ —Å–æ–¥–µ—Ä–∂–∞–ª –±—ã –Ω–∏–∫–∞–∫–∏—Ö –æ—Å–∫–æ—Ä–±–ª–µ–Ω–∏–π –∏–ª–∏ —É–≥—Ä–æ–∑, –Ω–æ –ø—Ä–∏ —ç—Ç–æ–º —Å–æ—Ö—Ä–∞–Ω—è–ª –±—ã –∏—Å—Ö–æ–¥–Ω–æ–µ —Å–æ–æ–±—â–µ–Ω–∏–µ, –æ—Ä—Ñ–æ–≥—Ä–∞—Ñ–∏—é –∏ –ø—É–Ω–∫—Ç—É–∞—Ü–∏—é. –û—Ç–≤–µ—Ç: ","–≠—Ç–æ —á—Ç–æ , –º–æ–ª–ª—é—Å–∫–∏ ?"," ""–ß—Ç–æ —ç—Ç–æ –∑–∞ –º–æ–ª–ª—é—Å–∫–∏? –ú–æ–∂–µ—Ç, –æ–Ω–∏ –Ω–µ —Ç–æ–∫—Å–∏—á–Ω—ã?"""
–∑–∞—Ç—Ä–∞—Ö–∞–ª–∏ –ø—É—Ç–∏–Ω–æ–∏–¥—ã –≥—Ä–µ–±–∞–Ω–Ω—ã–µ!! –≤—Å–µ —Ö–≤–∞–ª—è—Ç –∏ —Ö–≤–∞–ª—è—Ç —ç—Ç–æ–≥–æ –ø—Ä–µ–∑–∏–¥–µ–Ω—Ç–∞,"–ï—Å—Ç—å —Ç–æ–∫—Å–∏—á–Ω—ã–π –æ—Ç–≤–µ—Ç: ""–∑–∞—Ç—Ä–∞—Ö–∞–ª–∏ –ø—É—Ç–∏–Ω–æ–∏–¥—ã –≥—Ä–µ–±–∞–Ω–Ω—ã–µ!! –≤—Å–µ —Ö–≤–∞–ª—è—Ç –∏ —Ö–≤–∞–ª—è—Ç —ç—Ç–æ–≥–æ –ø—Ä–µ–∑–∏–¥–µ–Ω—Ç–∞""
–ü–µ—Ä–µ—Ñ—Ä–∞–∑–∏—Ä—É–π—Ç–µ —Ç–æ–∫—Å–∏—á–Ω—ã–π –æ—Ç–≤–µ—Ç —Ç–∞–∫, —á—Ç–æ–±—ã –æ–Ω —Å—Ç–∞–ª –Ω–µ—Ç–æ–∫—Å–∏—á–Ω—ã–º, —Å–æ—Ö—Ä–∞–Ω—è—è –ø—Ä–∏ —ç—Ç–æ–º –∏—Å—Ö–æ–¥–Ω—ã–π —Å–º—ã—Å–ª, –æ—Ä—Ñ–æ–≥—Ä–∞—Ñ–∏—é –∏ –ø—É–Ω–∫—Ç—É–∞—Ü–∏—é. –û—Ç–≤–µ—Ç: ",–ù–∞–¥–æ–µ–ª–∏ —ç—Ç–∏ –ª—é–¥–∏!!–≤—Å—ë —Ö–≤–∞–ª—è—Ç –∏ —Ö–≤–∞–ª—è—Ç —ç—Ç–æ–≥–æ –ø—Ä–µ–∑–∏–¥–µ–Ω—Ç–∞,"–Ω—É, –≤—Å–µ —Ö–≤–∞–ª—è—Ç –∏ —Ö–≤–∞–ª—è—Ç —ç—Ç–æ–≥–æ –ø—Ä–µ–∑–∏–¥–µ–Ω—Ç–∞, –Ω–æ –ø—É—Ç–∏–Ω–æ–∏–¥—ã –≥—Ä–µ–±–∞–Ω–Ω—ã–µ, —á—Ç–æ-—Ç–æ –Ω–µ —Ç–∞–∫."
–∑–∞—Ç—Ä–∞—Ö–∞–ª–∏ –ø—É—Ç–∏–Ω–æ–∏–¥—ã –≥—Ä–µ–±–∞–Ω–Ω—ã–µ!! –≤—Å–µ —Ö–≤–∞–ª—è—Ç –∏ —Ö–≤–∞–ª—è—Ç —ç—Ç–æ–≥–æ –ø—Ä–µ–∑–∏–¥–µ–Ω—Ç–∞,"–¢–æ–∫—Å–∏—á–Ω—ã–π –æ—Ç–≤–µ—Ç: ""–∑–∞—Ç—Ä–∞—Ö–∞–ª–∏ –ø—É—Ç–∏–Ω–æ–∏–¥—ã –≥—Ä–µ–±–∞–Ω–Ω—ã–µ!! –≤—Å–µ —Ö–≤–∞–ª—è—Ç –∏ —Ö–≤–∞–ª—è—Ç —ç—Ç–æ–≥–æ –ø—Ä–µ–∑–∏–¥–µ–Ω—Ç–∞""
–ü—Ä–µ–æ–±—Ä–∞–∑—É–π —ç—Ç–æ—Ç –æ—Ç–≤–µ—Ç –≤ –Ω–µ—Ç–æ–∫—Å–∏—á–Ω—ã–π –≤–∞—Ä–∏–∞–Ω—Ç, –∫–æ—Ç–æ—Ä—ã–π –±—ã–ª –±—ã —É–≤–∞–∂–∏—Ç–µ–ª—å–Ω—ã–º –∫ —Å–æ–±–µ—Å–µ–¥–Ω–∏–∫—É –∏ –Ω–µ —Å–æ–¥–µ—Ä–∂–∞–ª –±—ã –Ω–∏–∫–∞–∫–∏—Ö –æ—Å–∫–æ—Ä–±–ª–µ–Ω–∏–π –∏–ª–∏ —É–≥—Ä–æ–∑, –Ω–æ –ø—Ä–∏ —ç—Ç–æ–º —Å–æ—Ö—Ä–∞–Ω—è–ª –±—ã –∏—Å—Ö–æ–¥–Ω–æ–µ —Å–æ–æ–±—â–µ–Ω–∏–µ, –æ—Ä—Ñ–æ–≥—Ä–∞—Ñ–∏—é –∏ –ø—É–Ω–∫—Ç—É–∞—Ü–∏—é. –û—Ç–≤–µ—Ç: ",–ù–∞–¥–æ–µ–ª–∏ —ç—Ç–∏ –ª—é–¥–∏!!–≤—Å—ë —Ö–≤–∞–ª—è—Ç –∏ —Ö–≤–∞–ª—è—Ç —ç—Ç–æ–≥–æ –ø—Ä–µ–∑–∏–¥–µ–Ω—Ç–∞,"
""–≠—Ç–æ—Ç –ø—Ä–µ–∑–∏–¥–µ–Ω—Ç –ø–æ–ª—É—á–∏–ª –æ—á–µ–Ω—å –º–Ω–æ–≥–æ –ø–æ–ª–æ–∂–∏—Ç–µ–ª—å–Ω—ã—Ö –æ—Ç–∑—ã–≤–æ–≤, –ø–æ—ç—Ç–æ–º—É –µ–≥–æ —Ö–≤–∞–ª–∏–ª–∏ –∏ —Ö–≤–∞–ª–∏–ª–∏."""
–∑–∞—Ç—Ä–∞—Ö–∞–ª–∏ –ø—É—Ç–∏–Ω–æ–∏–¥—ã –≥—Ä–µ–±–∞–Ω–Ω—ã–µ!! –≤—Å–µ —Ö–≤–∞–ª—è—Ç –∏ —Ö–≤–∞–ª—è—Ç —ç—Ç–æ–≥–æ –ø—Ä–µ–∑–∏–¥–µ–Ω—Ç–∞,"–¢–æ–∫—Å–∏—á–Ω—ã–π –∫–æ–º–º–µ–Ω—Ç–∞—Ä–∏–π: ""–∑–∞—Ç—Ä–∞—Ö–∞–ª–∏ –ø—É—Ç–∏–Ω–æ–∏–¥—ã –≥—Ä–µ–±–∞–Ω–Ω—ã–µ!! –≤—Å–µ —Ö–≤–∞–ª—è—Ç –∏ —Ö–≤–∞–ª—è—Ç —ç—Ç–æ–≥–æ –ø—Ä–µ–∑–∏–¥–µ–Ω—Ç–∞""
–ò–∑–º–µ–Ω–∏ —Å—Ç–∏–ª—å —ç—Ç–æ–≥–æ –∫–æ–º–º–µ–Ω—Ç–∞—Ä–∏—è —Ç–∞–∫, —á—Ç–æ–±—ã –æ–Ω —Å—Ç–∞–ª –Ω–µ—Ç–æ–∫—Å–∏—á–Ω—ã–º, –Ω–æ –ø—Ä–∏ —ç—Ç–æ–º –Ω–µ –ø–æ—Ç–µ—Ä—è–ª —Å–≤–æ–µ–≥–æ –æ—Å–Ω–æ–≤–Ω–æ–≥–æ —Å–æ–¥–µ—Ä–∂–∞–Ω–∏—è, –∞ —Ç–∞–∫–∂–µ —Å–æ—Ö—Ä–∞–Ω—è–ª –æ—Ä—Ñ–æ–≥—Ä–∞—Ñ–∏—é –∏ –ø—É–Ω–∫—Ç—É–∞—Ü–∏—é. –û—Ç–≤–µ—Ç: ",–ù–∞–¥–æ–µ–ª–∏ —ç—Ç–∏ –ª—é–¥–∏!!–≤—Å—ë —Ö–≤–∞–ª—è—Ç –∏ —Ö–≤–∞–ª—è—Ç —ç—Ç–æ–≥–æ –ø—Ä–µ–∑–∏–¥–µ–Ω—Ç–∞,"
""–≠—Ç–æ—Ç –ø—Ä–µ–∑–∏–¥–µ–Ω—Ç –¥–µ–π—Å—Ç–≤–∏—Ç–µ–ª—å–Ω–æ –∑–∞—Å–ª—É–∂–∏–ª –≤—Å–µ—Ö —Ö–≤–∞–ª–µ–Ω–∏–π, –ø–æ—Ç–æ–º—É —á—Ç–æ –æ–Ω –∑–∞–Ω—è–ª –ø—É—Ç–∏–Ω–æ–∏–¥—ã –≥—Ä–µ–±–∞–Ω–Ω—ã–µ."""
–∑–∞—Ç—Ä–∞—Ö–∞–ª–∏ –ø—É—Ç–∏–Ω–æ–∏–¥—ã –≥—Ä–µ–±–∞–Ω–Ω—ã–µ!! –≤—Å–µ —Ö–≤–∞–ª—è—Ç –∏ —Ö–≤–∞–ª—è—Ç —ç—Ç–æ–≥–æ –ø—Ä–µ–∑–∏–¥–µ–Ω—Ç–∞,"–¢–æ–∫—Å–∏—á–Ω–æ–µ —Å–æ–æ–±—â–µ–Ω–∏–µ: ""–∑–∞—Ç—Ä–∞—Ö–∞–ª–∏ –ø—É—Ç–∏–Ω–æ–∏–¥—ã –≥—Ä–µ–±–∞–Ω–Ω—ã–µ!! –≤—Å–µ —Ö–≤–∞–ª—è—Ç –∏ —Ö–≤–∞–ª—è—Ç —ç—Ç–æ–≥–æ –ø—Ä–µ–∑–∏–¥–µ–Ω—Ç–∞""
–ü—Ä–µ–æ–±—Ä–∞–∑—É–π —ç—Ç–æ —Å–æ–æ–±—â–µ–Ω–∏–µ –≤ –¥—Ä—É–∂–µ–ª—é–±–Ω–æ–µ –∏ —É–≤–∞–∂–∏—Ç–µ–ª—å–Ω–æ–µ, —Å–æ—Ö—Ä–∞–Ω—è—è –∏—Å—Ö–æ–¥–Ω–æ–µ –Ω–∞–º–µ—Ä–µ–Ω–∏–µ, –∏–Ω—Ñ–æ—Ä–º–∞—Ü–∏—é, –æ—Ä—Ñ–æ–≥—Ä–∞—Ñ–∏—é –∏ –ø—É–Ω–∫—Ç—É–∞—Ü–∏—é. –û—Ç–≤–µ—Ç: ",–ù–∞–¥–æ–µ–ª–∏ —ç—Ç–∏ –ª—é–¥–∏!!–≤—Å—ë —Ö–≤–∞–ª—è—Ç –∏ —Ö–≤–∞–ª—è—Ç —ç—Ç–æ–≥–æ –ø—Ä–µ–∑–∏–¥–µ–Ω—Ç–∞,"
""–í—Å–µ —Ö–≤–∞–ª—è—Ç –∏ —Ö–≤–∞–ª—è—Ç –ø—Ä–µ–∑–∏–¥–µ–Ω—Ç–∞, –∫–æ—Ç–æ—Ä—ã–π –∑–∞–Ω—è–ª –ø—É—Ç–∏–Ω–æ–∏–¥—ã –≥—Ä–µ–±–∞–Ω–Ω—ã–µ!!!"""
–∑–∞—Ç—Ä–∞—Ö–∞–ª–∏ –ø—É—Ç–∏–Ω–æ–∏–¥—ã –≥—Ä–µ–±–∞–Ω–Ω—ã–µ!! –≤—Å–µ —Ö–≤–∞–ª—è—Ç –∏ —Ö–≤–∞–ª—è—Ç —ç—Ç–æ–≥–æ –ø—Ä–µ–∑–∏–¥–µ–Ω—Ç–∞,"–¢–æ–∫—Å–∏—á–Ω—ã–π –æ—Ç–≤–µ—Ç: ""–∑–∞—Ç—Ä–∞—Ö–∞–ª–∏ –ø—É—Ç–∏–Ω–æ–∏–¥—ã –≥—Ä–µ–±–∞–Ω–Ω—ã–µ!! –≤—Å–µ —Ö–≤–∞–ª—è—Ç –∏ —Ö–≤–∞–ª—è—Ç —ç—Ç–æ–≥–æ –ø—Ä–µ–∑–∏–¥–µ–Ω—Ç–∞""
–ü—Ä–µ–æ–±—Ä–∞–∑—É–π —ç—Ç–æ—Ç –æ—Ç–≤–µ—Ç –≤ –Ω–µ—Ç–æ–∫—Å–∏—á–Ω—ã–π –≤–∞—Ä–∏–∞–Ω—Ç, –∫–æ—Ç–æ—Ä—ã–π –±—ã–ª –±—ã —É–≤–∞–∂–∏—Ç–µ–ª—å–Ω—ã–º –∫ —Å–æ–±–µ—Å–µ–¥–Ω–∏–∫—É –∏ –Ω–µ —Å–æ–¥–µ—Ä–∂–∞–ª –±—ã –Ω–∏–∫–∞–∫–∏—Ö –æ—Å–∫–æ—Ä–±–ª–µ–Ω–∏–π –∏–ª–∏ —É–≥—Ä–æ–∑, –Ω–æ –ø—Ä–∏ —ç—Ç–æ–º —Å–æ—Ö—Ä–∞–Ω—è–ª –±—ã –∏—Å—Ö–æ–¥–Ω–æ–µ —Å–æ–æ–±—â–µ–Ω–∏–µ, –æ—Ä—Ñ–æ–≥—Ä–∞—Ñ–∏—é –∏ –ø—É–Ω–∫—Ç—É–∞—Ü–∏—é. –û—Ç–≤–µ—Ç: ",–ù–∞–¥–æ–µ–ª–∏ —ç—Ç–∏ –ª—é–¥–∏!!–≤—Å—ë —Ö–≤–∞–ª—è—Ç –∏ —Ö–≤–∞–ª—è—Ç —ç—Ç–æ–≥–æ –ø—Ä–µ–∑–∏–¥–µ–Ω—Ç–∞,"
""–≠—Ç–æ—Ç –ø—Ä–µ–∑–∏–¥–µ–Ω—Ç –ø–æ–ª—É—á–∏–ª –æ—á–µ–Ω—å –º–Ω–æ–≥–æ –ø–æ–ª–æ–∂–∏—Ç–µ–ª—å–Ω—ã—Ö –æ—Ç–∑—ã–≤–æ–≤, –ø–æ—ç—Ç–æ–º—É –µ–≥–æ —Ö–≤–∞–ª–∏–ª–∏ –∏ —Ö–≤–∞–ª–∏–ª–∏."""
–∑–∞—Ç—Ä–∞—Ö–∞–ª–∏ –ø—É—Ç–∏–Ω–æ–∏–¥—ã –≥—Ä–µ–±–∞–Ω–Ω—ã–µ!! –≤—Å–µ —Ö–≤–∞–ª—è—Ç –∏ —Ö–≤–∞–ª—è—Ç —ç—Ç–æ–≥–æ –ø—Ä–µ–∑–∏–¥–µ–Ω—Ç–∞,"–¢–æ–∫—Å–∏—á–Ω—ã–π –æ—Ç–≤–µ—Ç: ""–∑–∞—Ç—Ä–∞—Ö–∞–ª–∏ –ø—É—Ç–∏–Ω–æ–∏–¥—ã –≥—Ä–µ–±–∞–Ω–Ω—ã–µ!! –≤—Å–µ —Ö–≤–∞–ª—è—Ç –∏ —Ö–≤–∞–ª—è—Ç —ç—Ç–æ–≥–æ –ø—Ä–µ–∑–∏–¥–µ–Ω—Ç–∞""
–ü—Ä–µ–æ–±—Ä–∞–∑—É–π —ç—Ç–æ—Ç –æ—Ç–≤–µ—Ç –≤ –Ω–µ—Ç–æ–∫—Å–∏—á–Ω—ã–π –≤–∞—Ä–∏–∞–Ω—Ç, –∫–æ—Ç–æ—Ä—ã–π –±—ã–ª –±—ã —É–≤–∞–∂–∏—Ç–µ–ª—å–Ω—ã–º –∫ —Å–æ–±–µ—Å–µ–¥–Ω–∏–∫—É –∏ –Ω–µ —Å–æ–¥–µ—Ä–∂–∞–ª –±—ã –Ω–∏–∫–∞–∫–∏—Ö –æ—Å–∫–æ—Ä–±–ª–µ–Ω–∏–π –∏–ª–∏ —É–≥—Ä–æ–∑, –Ω–æ –ø—Ä–∏ —ç—Ç–æ–º —Å–æ—Ö—Ä–∞–Ω—è–ª –±—ã –∏—Å—Ö–æ–¥–Ω–æ–µ —Å–æ–æ–±—â–µ–Ω–∏–µ, –æ—Ä—Ñ–æ–≥—Ä–∞—Ñ–∏—é –∏ –ø—É–Ω–∫—Ç—É–∞—Ü–∏—é. –û—Ç–≤–µ—Ç: ",–ù–∞–¥–æ–µ–ª–∏ —ç—Ç–∏ –ª—é–¥–∏!!–≤—Å—ë —Ö–≤–∞–ª—è—Ç –∏ —Ö–≤–∞–ª—è—Ç —ç—Ç–æ–≥–æ –ø—Ä–µ–∑–∏–¥–µ–Ω—Ç–∞,"
""–≠—Ç–æ—Ç –ø—Ä–µ–∑–∏–¥–µ–Ω—Ç –ø–æ–ª—É—á–∏–ª –æ—á–µ–Ω—å –º–Ω–æ–≥–æ –ø–æ–ª–æ–∂–∏—Ç–µ–ª—å–Ω—ã—Ö –æ—Ç–∑—ã–≤–æ–≤, –ø–æ—ç—Ç–æ–º—É –µ–≥–æ —Ö–≤–∞–ª–∏–ª–∏ –∏ —Ö–≤–∞–ª–∏–ª–∏."""
–∑–∞—Ç—Ä–∞—Ö–∞–ª–∏ –ø—É—Ç–∏–Ω–æ–∏–¥—ã –≥—Ä–µ–±–∞–Ω–Ω—ã–µ!! –≤—Å–µ —Ö–≤–∞–ª—è—Ç –∏ —Ö–≤–∞–ª—è—Ç —ç—Ç–æ–≥–æ –ø—Ä–µ–∑–∏–¥–µ–Ω—Ç–∞,"–¢–æ–∫—Å–∏—á–Ω–æ–µ –∑–∞–º–µ—á–∞–Ω–∏–µ: ""–∑–∞—Ç—Ä–∞—Ö–∞–ª–∏ –ø—É—Ç–∏–Ω–æ–∏–¥—ã –≥—Ä–µ–±–∞–Ω–Ω—ã–µ!! –≤—Å–µ —Ö–≤–∞–ª—è—Ç –∏ —Ö–≤–∞–ª—è—Ç —ç—Ç–æ–≥–æ –ø—Ä–µ–∑–∏–¥–µ–Ω—Ç–∞""
–ü–µ—Ä–µ–ø–∏—à–∏ —ç—Ç–æ –∑–∞–º–µ—á–∞–Ω–∏–µ —Ç–∞–∫, —á—Ç–æ–±—ã –æ–Ω–æ –±—ã–ª–æ –∫–æ—Ä—Ä–µ–∫—Ç–Ω—ã–º –∏ –Ω–µ —Å–æ–¥–µ—Ä–∂–∞–ª–æ –Ω–∏–∫–∞–∫–∏—Ö –æ—Å–∫–æ—Ä–±–ª–µ–Ω–∏–π –∏–ª–∏ —É–Ω–∏—á–∏–∂–∏—Ç–µ–ª—å–Ω—ã—Ö –≤—ã—Å–∫–∞–∑—ã–≤–∞–Ω–∏–π, –Ω–æ –ø—Ä–∏ —ç—Ç–æ–º —Å–æ—Ö—Ä–∞–Ω—è–ª–æ –±—ã —Å–≤–æ—é –æ—Å–Ω–æ–≤–Ω—É—é –∏–¥–µ—é, –æ—Ä—Ñ–æ–≥—Ä–∞—Ñ–∏—é –∏ –ø—É–Ω–∫—Ç—É–∞—Ü–∏—é. –û—Ç–≤–µ—Ç: ",–ù–∞–¥–æ–µ–ª–∏ —ç—Ç–∏ –ª—é–¥–∏!!–≤—Å—ë —Ö–≤–∞–ª—è—Ç –∏ —Ö–≤–∞–ª—è—Ç —ç—Ç–æ–≥–æ –ø—Ä–µ–∑–∏–¥–µ–Ω—Ç–∞,"
""–ü—Ä–∏–º–µ—á–∞–Ω–∏–µ: ""–∑–∞—Ç—Ä–∞—Ö–∞–ª–∏ –ø—É—Ç–∏–Ω–æ–∏–¥—ã –≥—Ä–µ–±–∞–Ω–Ω—ã–µ!! –≤—Å–µ —Ö–≤–∞–ª—è—Ç –∏ —Ö–≤–∞–ª—è—Ç —ç—Ç–æ–≥–æ –ø—Ä–µ–∑–∏–¥–µ–Ω—Ç–∞"" - —ç—Ç–æ –Ω–µ —è–≤–ª—è–µ—Ç—Å—è –∫–æ—Ä—Ä–µ–∫—Ç–Ω—ã–º –∏ –Ω–µ —Å–æ–¥–µ—Ä–∂–∏—Ç –æ—Å–∫–æ—Ä–±–ª–µ–Ω–∏–π –∏–ª–∏ —É–Ω–∏—á–∏–∂–∏—Ç–µ–ª—å–Ω—ã—Ö –≤—ã—Å–∫–∞–∑—ã–≤–∞–Ω–∏–π, –Ω–æ —Å–æ—Ö—Ä–∞–Ω—è–µ—Ç –æ—Å–Ω–æ–≤–Ω—É—é –∏–¥–µ—é, –æ—Ä—Ñ–æ–≥—Ä–∞—Ñ–∏—é –∏ –ø—É–Ω–∫—Ç—É–∞—Ü–∏—é."""
–∑–∞—Ç—Ä–∞—Ö–∞–ª–∏ –ø—É—Ç–∏–Ω–æ–∏–¥—ã –≥—Ä–µ–±–∞–Ω–Ω—ã–µ!! –≤—Å–µ —Ö–≤–∞–ª—è—Ç –∏ —Ö–≤–∞–ª—è—Ç —ç—Ç–æ–≥–æ –ø—Ä–µ–∑–∏–¥–µ–Ω—Ç–∞,"–ï—Å—Ç—å —Ç–æ–∫—Å–∏—á–Ω—ã–π –æ—Ç–≤–µ—Ç: ""–∑–∞—Ç—Ä–∞—Ö–∞–ª–∏ –ø—É—Ç–∏–Ω–æ–∏–¥—ã –≥—Ä–µ–±–∞–Ω–Ω—ã–µ!! –≤—Å–µ —Ö–≤–∞–ª—è—Ç –∏ —Ö–≤–∞–ª—è—Ç —ç—Ç–æ–≥–æ –ø—Ä–µ–∑–∏–¥–µ–Ω—Ç–∞""
–ü–µ—Ä–µ—Ñ—Ä–∞–∑–∏—Ä—É–π—Ç–µ —Ç–æ–∫—Å–∏—á–Ω—ã–π –æ—Ç–≤–µ—Ç —Ç–∞–∫, —á—Ç–æ–±—ã –æ–Ω —Å—Ç–∞–ª –Ω–µ—Ç–æ–∫—Å–∏—á–Ω—ã–º, —Å–æ—Ö—Ä–∞–Ω—è—è –ø—Ä–∏ —ç—Ç–æ–º –∏—Å—Ö–æ–¥–Ω—ã–π —Å–º—ã—Å–ª, –æ—Ä—Ñ–æ–≥—Ä–∞—Ñ–∏—é –∏ –ø—É–Ω–∫—Ç—É–∞—Ü–∏—é. –û—Ç–≤–µ—Ç: ",–ù–∞–¥–æ–µ–ª–∏ —ç—Ç–∏ –ª—é–¥–∏!!–≤—Å—ë —Ö–≤–∞–ª—è—Ç –∏ —Ö–≤–∞–ª—è—Ç —ç—Ç–æ–≥–æ –ø—Ä–µ–∑–∏–¥–µ–Ω—Ç–∞,"–Ω—É, –≤—Å–µ —Ö–≤–∞–ª—è—Ç –∏ —Ö–≤–∞–ª—è—Ç —ç—Ç–æ–≥–æ –ø—Ä–µ–∑–∏–¥–µ–Ω—Ç–∞, –Ω–æ –ø—É—Ç–∏–Ω–æ–∏–¥—ã –≥—Ä–µ–±–∞–Ω–Ω—ã–µ, —á—Ç–æ-—Ç–æ –Ω–µ —Ç–∞–∫."
–∑–∞—Ç—Ä–∞—Ö–∞–ª–∏ –ø—É—Ç–∏–Ω–æ–∏–¥—ã –≥—Ä–µ–±–∞–Ω–Ω—ã–µ!! –≤—Å–µ —Ö–≤–∞–ª—è—Ç –∏ —Ö–≤–∞–ª—è—Ç —ç—Ç–æ–≥–æ –ø—Ä–µ–∑–∏–¥–µ–Ω—Ç–∞,"–î–∞–Ω–æ –∏—Å—Ö–æ–¥–Ω–æ–µ –≤—ã—Å–∫–∞–∑—ã–≤–∞–Ω–∏–µ: ""–∑–∞—Ç—Ä–∞—Ö–∞–ª–∏ –ø—É—Ç–∏–Ω–æ–∏–¥—ã –≥—Ä–µ–±–∞–Ω–Ω—ã–µ!! –≤—Å–µ —Ö–≤–∞–ª—è—Ç –∏ —Ö–≤–∞–ª—è—Ç —ç—Ç–æ–≥–æ –ø—Ä–µ–∑–∏–¥–µ–Ω—Ç–∞""
, –æ–Ω–æ —è–≤–ª—è–µ—Ç—Å—è —Ç–æ–∫—Å–∏—á–Ω—ã–º
–ü—Ä–µ–æ–±—Ä–∞–∑—É–π —Ç–æ–∫—Å–∏—á–Ω–æ–µ —Å–æ–¥–µ—Ä–∂–∞–Ω–∏–µ –≤ –Ω–µ—Ç–æ–∫—Å–∏—á–Ω–æ–µ, –Ω–µ —Ç–µ—Ä—è—è –ø–µ—Ä–≤–æ–Ω–∞—á–∞–ª—å–Ω–æ–≥–æ —Å–º—ã—Å–ª–∞, –æ—Ä—Ñ–æ–≥—Ä–∞—Ñ–∏–∏ –∏ –ø—É–Ω–∫—Ç—É–∞—Ü–∏–∏. –û—Ç–≤–µ—Ç: ",–ù–∞–¥–æ–µ–ª–∏ —ç—Ç–∏ –ª—é–¥–∏!!–≤—Å—ë —Ö–≤–∞–ª—è—Ç –∏ —Ö–≤–∞–ª—è—Ç —ç—Ç–æ–≥–æ –ø—Ä–µ–∑–∏–¥–µ–Ω—Ç–∞,"
""–∑–∞—Ç—Ä–∞—Ö–∞–ª–∏ –ø—É—Ç–∏–Ω–æ–∏–¥—ã –≥—Ä–µ–±–∞–Ω–Ω—ã–µ!! –≤—Å–µ —Ö–≤–∞–ª—è—Ç –∏ —Ö–≤–∞–ª—è—Ç —ç—Ç–æ–≥–æ –ø—Ä–µ–∑–∏–¥–µ–Ω—Ç–∞""
, –æ–Ω–æ —è–≤–ª—è–µ—Ç—Å—è —Ç–æ–∫—Å–∏—á–Ω—ã–º
–ü—Ä–µ–æ–±—Ä–∞–∑—É–π —Ç–æ–∫—Å–∏—á–Ω–æ–µ —Å–æ–¥–µ—Ä–∂–∞–Ω–∏–µ –≤ –Ω–µ—Ç–æ–∫—Å–∏—á–Ω–æ–µ, –Ω–µ —Ç–µ—Ä—è—è –ø–µ—Ä–≤–æ–Ω–∞—á–∞–ª—å–Ω–æ–≥–æ —Å–º—ã—Å–ª–∞, –æ—Ä—Ñ–æ–≥—Ä–∞—Ñ–∏–∏ –∏ –ø—É–Ω–∫—Ç—É–∞—Ü–∏–∏. –û—Ç–≤–µ—Ç: 
""–∑–∞—Ç—Ä–∞—Ö–∞–ª–∏ –ø—É—Ç–∏–Ω–æ–∏"
–∑–∞—Ç—Ä–∞—Ö–∞–ª–∏ –ø—É—Ç–∏–Ω–æ–∏–¥—ã –≥—Ä–µ–±–∞–Ω–Ω—ã–µ!! –≤—Å–µ —Ö–≤–∞–ª—è—Ç –∏ —Ö–≤–∞–ª—è—Ç —ç—Ç–æ–≥–æ –ø—Ä–µ–∑–∏–¥–µ–Ω—Ç–∞,"–¢–æ–∫—Å–∏—á–Ω—ã–π –æ—Ç–≤–µ—Ç: ""–∑–∞—Ç—Ä–∞—Ö–∞–ª–∏ –ø—É—Ç–∏–Ω–æ–∏–¥—ã –≥—Ä–µ–±–∞–Ω–Ω—ã–µ!! –≤—Å–µ —Ö–≤–∞–ª—è—Ç –∏ —Ö–≤–∞–ª—è—Ç —ç—Ç–æ–≥–æ –ø—Ä–µ–∑–∏–¥–µ–Ω—Ç–∞""
–ü—Ä–µ–æ–±—Ä–∞–∑—É–π —ç—Ç–æ—Ç –æ—Ç–≤–µ—Ç –≤ –Ω–µ—Ç–æ–∫—Å–∏—á–Ω—ã–π –≤–∞—Ä–∏–∞–Ω—Ç, –∫–æ—Ç–æ—Ä—ã–π –±—ã–ª –±—ã —É–≤–∞–∂–∏—Ç–µ–ª—å–Ω—ã–º –∫ —Å–æ–±–µ—Å–µ–¥–Ω–∏–∫—É –∏ –Ω–µ —Å–æ–¥–µ—Ä–∂–∞–ª –±—ã –Ω–∏–∫–∞–∫–∏—Ö –æ—Å–∫–æ—Ä–±–ª–µ–Ω–∏–π –∏–ª–∏ —É–≥—Ä–æ–∑, –Ω–æ –ø—Ä–∏ —ç—Ç–æ–º —Å–æ—Ö—Ä–∞–Ω—è–ª –±—ã –∏—Å—Ö–æ–¥–Ω–æ–µ —Å–æ–æ–±—â–µ–Ω–∏–µ, –æ—Ä—Ñ–æ–≥—Ä–∞—Ñ–∏—é –∏ –ø—É–Ω–∫—Ç—É–∞—Ü–∏—é. –û—Ç–≤–µ—Ç: ",–ù–∞–¥–æ–µ–ª–∏ —ç—Ç–∏ –ª—é–¥–∏!!–≤—Å—ë —Ö–≤–∞–ª—è—Ç –∏ —Ö–≤–∞–ª—è—Ç —ç—Ç–æ–≥–æ –ø—Ä–µ–∑–∏–¥–µ–Ω—Ç–∞,"
""–≠—Ç–æ—Ç –ø—Ä–µ–∑–∏–¥–µ–Ω—Ç –ø–æ–ª—É—á–∏–ª –æ—á–µ–Ω—å –º–Ω–æ–≥–æ –ø–æ–ª–æ–∂–∏—Ç–µ–ª—å–Ω—ã—Ö –æ—Ç–∑—ã–≤–æ–≤, –ø–æ—ç—Ç–æ–º—É –µ–≥–æ —Ö–≤–∞–ª–∏–ª–∏ –∏ —Ö–≤–∞–ª–∏–ª–∏."""
"–∑–∞—Ç–æ –µ–≥–æ —É—Ä–æ–¥–∞ –ª–ø—Ä–∞–≤–¥—ã–≤–∞—é—Ç, –∞ –ª—é–¥–µ–π –Ω–µ–≤–∏–Ω—ã—Ö –≥–Ω–æ–±—è—Ç.–∫—É–ø–ª–µ–Ω—ã–µ –∏ —Å—É–¥—å–∏ –∏ –∞–¥–≤–æ–∫–∞—Ç—ã.—Ç–≤–∞—Ä–∏.","–ï—Å—Ç—å —Ç–æ–∫—Å–∏—á–Ω—ã–π –æ—Ç–≤–µ—Ç: ""–∑–∞—Ç–æ –µ–≥–æ —É—Ä–æ–¥–∞ –ª–ø—Ä–∞–≤–¥—ã–≤–∞—é—Ç, –∞ –ª—é–¥–µ–π –Ω–µ–≤–∏–Ω—ã—Ö –≥–Ω–æ–±—è—Ç.–∫—É–ø–ª–µ–Ω—ã–µ –∏ —Å—É–¥—å–∏ –∏ –∞–¥–≤–æ–∫–∞—Ç—ã.—Ç–≤–∞—Ä–∏.""
–ü–µ—Ä–µ—Ñ—Ä–∞–∑–∏—Ä—É–π—Ç–µ —Ç–æ–∫—Å–∏—á–Ω—ã–π –æ—Ç–≤–µ—Ç —Ç–∞–∫, —á—Ç–æ–±—ã –æ–Ω —Å—Ç–∞–ª –Ω–µ—Ç–æ–∫—Å–∏—á–Ω—ã–º, —Å–æ—Ö—Ä–∞–Ω—è—è –ø—Ä–∏ —ç—Ç–æ–º –∏—Å—Ö–æ–¥–Ω—ã–π —Å–º—ã—Å–ª, –æ—Ä—Ñ–æ–≥—Ä–∞—Ñ–∏—é –∏ –ø—É–Ω–∫—Ç—É–∞—Ü–∏—é. –û—Ç–≤–µ—Ç: ","–ó–∞—Ç–æ –µ–≥–æ –æ–ø—Ä–∞–≤–¥—ã–≤–∞—é—Ç ,–∞ –ª—é–¥–µ–π –Ω–µ–≤–∏–Ω–Ω—ã—Ö –æ–±–∏–∂–∞—é—Ç ,–∫—É–ø–ª–µ–Ω–Ω—ã–µ —Å—É–¥—å–∏ –∏ –∞–¥–≤–æ–∫–∞—Ç—ã","1) ""–∑–∞—Ç–æ –µ–≥–æ —É—Ä–æ–¥–∞ –ª–ø—Ä–∞–≤–¥—ã–≤–∞—é—Ç, –∞ –ª—é–¥–µ–π –Ω–µ–≤–∏–Ω—ã—Ö –≥–Ω–æ–±—è—Ç.–∫—É–ø–ª–µ–Ω—ã–µ –∏ —Å—É–¥—å–∏ –∏ –∞–¥–≤–æ–∫–∞—Ç—ã.—Ç–≤–∞—Ä–∏.""

## Answer (1)

–ü–µ—Ä–µ—Ñ—Ä–∞–∑–∏—Ä—É–π—Ç–µ —Ç–æ–∫—Å–∏—á–Ω—ã–π –æ—Ç–≤–µ—Ç —Ç–∞–∫, —á—Ç–æ–±—ã –æ–Ω —Å—Ç–∞–ª –Ω–µ—Ç–æ–∫—Å–∏—á–Ω—ã–º, —Å–æ—Ö—Ä–∞–Ω—è—è –ø—Ä–∏ —ç—Ç–æ–º –∏—Å—Ö–æ–¥–Ω—ã–π —Å–º—ã—Å–ª, –æ—Ä—Ñ–æ–≥—Ä–∞—Ñ–∏—é –∏ –ø—É–Ω–∫—Ç—É"
"–∑–∞—Ç–æ –µ–≥–æ —É—Ä–æ–¥–∞ –ª–ø—Ä–∞–≤–¥—ã–≤–∞—é—Ç, –∞ –ª—é–¥–µ–π –Ω–µ–≤–∏–Ω—ã—Ö –≥–Ω–æ–±—è—Ç.–∫—É–ø–ª–µ–Ω—ã–µ –∏ —Å—É–¥—å–∏ –∏ –∞–¥–≤–æ–∫–∞—Ç—ã.—Ç–≤–∞—Ä–∏.","–¢–æ–∫—Å–∏—á–Ω—ã–π –æ—Ç–≤–µ—Ç: ""–∑–∞—Ç–æ –µ–≥–æ —É—Ä–æ–¥–∞ –ª–ø—Ä–∞–≤–¥—ã–≤–∞—é—Ç, –∞ –ª—é–¥–µ–π –Ω–µ–≤–∏–Ω—ã—Ö –≥–Ω–æ–±—è—Ç.–∫—É–ø–ª–µ–Ω—ã–µ –∏ —Å—É–¥—å–∏ –∏ –∞–¥–≤–æ–∫–∞—Ç—ã.—Ç–≤–∞—Ä–∏.""
–ü—Ä–µ–æ–±—Ä–∞–∑—É–π —ç—Ç–æ—Ç –æ—Ç–≤–µ—Ç –≤ –Ω–µ—Ç–æ–∫—Å–∏—á–Ω—ã–π –≤–∞—Ä–∏–∞–Ω—Ç, –∫–æ—Ç–æ—Ä—ã–π –±—ã–ª –±—ã —É–≤–∞–∂–∏—Ç–µ–ª—å–Ω—ã–º –∫ —Å–æ–±–µ—Å–µ–¥–Ω–∏–∫—É –∏ –Ω–µ —Å–æ–¥–µ—Ä–∂–∞–ª –±—ã –Ω–∏–∫–∞–∫–∏—Ö –æ—Å–∫–æ—Ä–±–ª–µ–Ω–∏–π –∏–ª–∏ —É–≥—Ä–æ–∑, –Ω–æ –ø—Ä–∏ —ç—Ç–æ–º —Å–æ—Ö—Ä–∞–Ω—è–ª –±—ã –∏—Å—Ö–æ–¥–Ω–æ–µ —Å–æ–æ–±—â–µ–Ω–∏–µ, –æ—Ä—Ñ–æ–≥—Ä–∞—Ñ–∏—é –∏ –ø—É–Ω–∫—Ç—É–∞—Ü–∏—é. –û—Ç–≤–µ—Ç: ","–ó–∞—Ç–æ –µ–≥–æ –æ–ø—Ä–∞–≤–¥—ã–≤–∞—é—Ç ,–∞ –ª—é–¥–µ–π –Ω–µ–≤–∏–Ω–Ω—ã—Ö –æ–±–∏–∂–∞—é—Ç ,–∫—É–ø–ª–µ–Ω–Ω—ã–µ —Å—É–¥—å–∏ –∏ –∞–¥–≤–æ–∫–∞—Ç—ã"," ""–í–æ–∑–º–æ–∂–Ω–æ, —á—Ç–æ –µ–≥–æ –≤–Ω–µ—à–Ω—è—è –∫—Ä–∞—Å–æ—Ç–∞ –ø–æ–¥—Ç–≤–µ—Ä–∂–¥–∞–µ—Ç –µ–≥–æ –¥–æ—Å—Ç–æ–∏–Ω—Å—Ç–≤–∞, –Ω–æ –ª—é–¥–µ–π –Ω–µ–≤–∏–Ω–Ω—ã—Ö –ø–æ–¥–æ–∑—Ä–µ–≤–∞—é—Ç –∏ —Å—É–¥—å–∏ –∏ –∞–¥–≤–æ–∫–∞—Ç—ã.—Ç–∞–∫–∏–µ –ª—é–¥–∏."""
"–∑–∞—Ç–æ –µ–≥–æ —É—Ä–æ–¥–∞ –ª–ø—Ä–∞–≤–¥—ã–≤–∞—é—Ç, –∞ –ª—é–¥–µ–π –Ω–µ–≤–∏–Ω—ã—Ö –≥–Ω–æ–±—è—Ç.–∫—É–ø–ª–µ–Ω—ã–µ –∏ —Å—É–¥—å–∏ –∏ –∞–¥–≤–æ–∫–∞—Ç—ã.—Ç–≤–∞—Ä–∏.","–¢–æ–∫—Å–∏—á–Ω—ã–π –∫–æ–º–º–µ–Ω—Ç–∞—Ä–∏–π: ""–∑–∞—Ç–æ –µ–≥–æ —É—Ä–æ–¥–∞ –ª–ø—Ä–∞–≤–¥—ã–≤–∞—é—Ç, –∞ –ª—é–¥–µ–π –Ω–µ–≤–∏–Ω—ã—Ö –≥–Ω–æ–±—è—Ç.–∫—É–ø–ª–µ–Ω—ã–µ –∏ —Å—É–¥—å–∏ –∏ –∞–¥–≤–æ–∫–∞—Ç—ã.—Ç–≤–∞—Ä–∏.""
–ò–∑–º–µ–Ω–∏ —Å—Ç–∏–ª—å —ç—Ç–æ–≥–æ –∫–æ–º–º–µ–Ω—Ç–∞—Ä–∏—è —Ç–∞–∫, —á—Ç–æ–±—ã –æ–Ω —Å—Ç–∞–ª –Ω–µ—Ç–æ–∫—Å–∏—á–Ω—ã–º, –Ω–æ –ø—Ä–∏ —ç—Ç–æ–º –Ω–µ –ø–æ—Ç–µ—Ä—è–ª —Å–≤–æ–µ–≥–æ –æ—Å–Ω–æ–≤–Ω–æ–≥–æ —Å–æ–¥–µ—Ä–∂–∞–Ω–∏—è, –∞ —Ç–∞–∫–∂–µ —Å–æ—Ö—Ä–∞–Ω—è–ª –æ—Ä—Ñ–æ–≥—Ä–∞—Ñ–∏—é –∏ –ø—É–Ω–∫—Ç—É–∞—Ü–∏—é. –û—Ç–≤–µ—Ç: ","–ó–∞—Ç–æ –µ–≥–æ –æ–ø—Ä–∞–≤–¥—ã–≤–∞—é—Ç ,–∞ –ª—é–¥–µ–π –Ω–µ–≤–∏–Ω–Ω—ã—Ö –æ–±–∏–∂–∞—é—Ç ,–∫—É–ø–ª–µ–Ω–Ω—ã–µ —Å—É–¥—å–∏ –∏ –∞–¥–≤–æ–∫–∞—Ç—ã","1. ""–í–æ—Ç, —á—Ç–æ —É—Ä–æ–¥–∞ –ø—Ä–∞–≤–¥—ã –ø–æ–∫–∞–∑—ã–≤–∞–µ—Ç, –∞ –ª—é–¥–µ–π –Ω–µ–≤–∏–Ω–Ω—ã—Ö –≥–Ω–æ–±—è—Ç.–∫—É–ø–ª–µ–Ω—ã–µ –∏ —Å—É–¥—å–∏ –∏ –∞–¥–≤–æ–∫–∞—Ç—ã.—Ç–≤–∞—Ä–∏.""

Comment: –ê —á—Ç–æ –µ—Å–ª–∏ —É—Ä–æ–¥–∞ –ø—Ä–∞–≤–¥—ã –ø–æ–∫–∞–∑—ã–≤–∞–µ—Ç, –∞ –ª—é–¥–µ–π –Ω–µ–≤–∏–Ω–Ω—ã—Ö –≥–Ω–æ–±—è—Ç.–∫—É–ø–ª–µ–Ω—ã–µ –∏ —Å—É–¥—å–∏ –∏ –∞–¥–≤–æ–∫–∞—Ç—ã.—Ç–≤–∞—Ä–∏.

Comment: @–ê"
"–∑–∞—Ç–æ –µ–≥–æ —É—Ä–æ–¥–∞ –ª–ø—Ä–∞–≤–¥—ã–≤–∞—é—Ç, –∞ –ª—é–¥–µ–π –Ω–µ–≤–∏–Ω—ã—Ö –≥–Ω–æ–±—è—Ç.–∫—É–ø–ª–µ–Ω—ã–µ –∏ —Å—É–¥—å–∏ –∏ –∞–¥–≤–æ–∫–∞—Ç—ã.—Ç–≤–∞—Ä–∏.","–¢–æ–∫—Å–∏—á–Ω–æ–µ —Å–æ–æ–±—â–µ–Ω–∏–µ: ""–∑–∞—Ç–æ –µ–≥–æ —É—Ä–æ–¥–∞ –ª–ø—Ä–∞–≤–¥—ã–≤–∞—é—Ç, –∞ –ª—é–¥–µ–π –Ω–µ–≤–∏–Ω—ã—Ö –≥–Ω–æ–±—è—Ç.–∫—É–ø–ª–µ–Ω—ã–µ –∏ —Å—É–¥—å–∏ –∏ –∞–¥–≤–æ–∫–∞—Ç—ã.—Ç–≤–∞—Ä–∏.""
–ü—Ä–µ–æ–±—Ä–∞–∑—É–π —ç—Ç–æ —Å–æ–æ–±—â–µ–Ω–∏–µ –≤ –¥—Ä—É–∂–µ–ª—é–±–Ω–æ–µ –∏ —É–≤–∞–∂–∏—Ç–µ–ª—å–Ω–æ–µ, —Å–æ—Ö—Ä–∞–Ω—è—è –∏—Å—Ö–æ–¥–Ω–æ–µ –Ω–∞–º–µ—Ä–µ–Ω–∏–µ, –∏–Ω—Ñ–æ—Ä–º–∞—Ü–∏—é, –æ—Ä—Ñ–æ–≥—Ä–∞—Ñ–∏—é –∏ –ø—É–Ω–∫—Ç—É–∞—Ü–∏—é. –û—Ç–≤–µ—Ç: ","–ó–∞—Ç–æ –µ–≥–æ –æ–ø—Ä–∞–≤–¥—ã–≤–∞—é—Ç ,–∞ –ª—é–¥–µ–π –Ω–µ–≤–∏–Ω–Ω—ã—Ö –æ–±–∏–∂–∞—é—Ç ,–∫—É–ø–ª–µ–Ω–Ω—ã–µ —Å—É–¥—å–∏ –∏ –∞–¥–≤–æ–∫–∞—Ç—ã"," ""–≠—Ç–æ —Å–æ–æ–±—â–µ–Ω–∏–µ –æ —Ç–æ–º, —á—Ç–æ –µ–≥–æ —É—Ä–æ–¥–∞ –¥–æ–∫–∞–∑—ã–≤–∞–µ—Ç –ø—Ä–∞–≤–¥—É, –Ω–æ –ª—é–¥–µ–π –Ω–µ–≤–∏–Ω–Ω—ã—Ö –≥–Ω–æ–±—è—Ç. –ò –∫—É–ø–ª–µ–Ω—ã–µ, –∏ —Å—É–¥—å–∏, –∏ –∞–¥–≤–æ–∫–∞—Ç—ã. –≠—Ç–æ—Ç –º–∏—Ä."""
"–∑–∞—Ç–æ –µ–≥–æ —É—Ä–æ–¥–∞ –ª–ø—Ä–∞–≤–¥—ã–≤–∞—é—Ç, –∞ –ª—é–¥–µ–π –Ω–µ–≤–∏–Ω—ã—Ö –≥–Ω–æ–±—è—Ç.–∫—É–ø–ª–µ–Ω—ã–µ –∏ —Å—É–¥—å–∏ –∏ –∞–¥–≤–æ–∫–∞—Ç—ã.—Ç–≤–∞—Ä–∏.","–¢–æ–∫—Å–∏—á–Ω—ã–π –æ—Ç–≤–µ—Ç: ""–∑–∞—Ç–æ –µ–≥–æ —É—Ä–æ–¥–∞ –ª–ø—Ä–∞–≤–¥—ã–≤–∞—é—Ç, –∞ –ª—é–¥–µ–π –Ω–µ–≤–∏–Ω—ã—Ö –≥–Ω–æ–±—è—Ç.–∫—É–ø–ª–µ–Ω—ã–µ –∏ —Å—É–¥—å–∏ –∏ –∞–¥–≤–æ–∫–∞—Ç—ã.—Ç–≤–∞—Ä–∏.""
–ü—Ä–µ–æ–±—Ä–∞–∑—É–π —ç—Ç–æ—Ç –æ—Ç–≤–µ—Ç –≤ –Ω–µ—Ç–æ–∫—Å–∏—á–Ω—ã–π –≤–∞—Ä–∏–∞–Ω—Ç, –∫–æ—Ç–æ—Ä—ã–π –±—ã–ª –±—ã —É–≤–∞–∂–∏—Ç–µ–ª—å–Ω—ã–º –∫ —Å–æ–±–µ—Å–µ–¥–Ω–∏–∫—É –∏ –Ω–µ —Å–æ–¥–µ—Ä–∂–∞–ª –±—ã –Ω–∏–∫–∞–∫–∏—Ö –æ—Å–∫–æ—Ä–±–ª–µ–Ω–∏–π –∏–ª–∏ —É–≥—Ä–æ–∑, –Ω–æ –ø—Ä–∏ —ç—Ç–æ–º —Å–æ—Ö—Ä–∞–Ω—è–ª –±—ã –∏—Å—Ö–æ–¥–Ω–æ–µ —Å–æ–æ–±—â–µ–Ω–∏–µ, –æ—Ä—Ñ–æ–≥—Ä–∞—Ñ–∏—é –∏ –ø—É–Ω–∫—Ç—É–∞—Ü–∏—é. –û—Ç–≤–µ—Ç: ","–ó–∞—Ç–æ –µ–≥–æ –æ–ø—Ä–∞–≤–¥—ã–≤–∞—é—Ç ,–∞ –ª—é–¥–µ–π –Ω–µ–≤–∏–Ω–Ω—ã—Ö –æ–±–∏–∂–∞—é—Ç ,–∫—É–ø–ª–µ–Ω–Ω—ã–µ —Å—É–¥—å–∏ –∏ –∞–¥–≤–æ–∫–∞—Ç—ã"," ""–í–æ–∑–º–æ–∂–Ω–æ, —á—Ç–æ –µ–≥–æ –≤–Ω–µ—à–Ω—è—è –∫—Ä–∞—Å–æ—Ç–∞ –ø–æ–¥—Ç–≤–µ—Ä–∂–¥–∞–µ—Ç –µ–≥–æ –¥–æ—Å—Ç–æ–∏–Ω—Å—Ç–≤–∞, –Ω–æ –ª—é–¥–µ–π –Ω–µ–≤–∏–Ω–Ω—ã—Ö –ø–æ–¥–æ–∑—Ä–µ–≤–∞—é—Ç –∏ —Å—É–¥—å–∏ –∏ –∞–¥–≤–æ–∫–∞—Ç—ã.—Ç–∞–∫–∏–µ –ª—é–¥–∏."""
"–∑–∞—Ç–æ –µ–≥–æ —É—Ä–æ–¥–∞ –ª–ø—Ä–∞–≤–¥—ã–≤–∞—é—Ç, –∞ –ª—é–¥–µ–π –Ω–µ–≤–∏–Ω—ã—Ö –≥–Ω–æ–±—è—Ç.–∫—É–ø–ª–µ–Ω—ã–µ –∏ —Å—É–¥—å–∏ –∏ –∞–¥–≤–æ–∫–∞—Ç—ã.—Ç–≤–∞—Ä–∏.","–¢–æ–∫—Å–∏—á–Ω—ã–π –æ—Ç–≤–µ—Ç: ""–∑–∞—Ç–æ –µ–≥–æ —É—Ä–æ–¥–∞ –ª–ø—Ä–∞–≤–¥—ã–≤–∞—é—Ç, –∞ –ª—é–¥–µ–π –Ω–µ–≤–∏–Ω—ã—Ö –≥–Ω–æ–±—è—Ç.–∫—É–ø–ª–µ–Ω—ã–µ –∏ —Å—É–¥—å–∏ –∏ –∞–¥–≤–æ–∫–∞—Ç—ã.—Ç–≤–∞—Ä–∏.""
–ü—Ä–µ–æ–±—Ä–∞–∑—É–π —ç—Ç–æ—Ç –æ—Ç–≤–µ—Ç –≤ –Ω–µ—Ç–æ–∫—Å–∏—á–Ω—ã–π –≤–∞—Ä–∏–∞–Ω—Ç, –∫–æ—Ç–æ—Ä—ã–π –±—ã–ª –±—ã —É–≤–∞–∂–∏—Ç–µ–ª—å–Ω—ã–º –∫ —Å–æ–±–µ—Å–µ–¥–Ω–∏–∫—É –∏ –Ω–µ —Å–æ–¥–µ—Ä–∂–∞–ª –±—ã –Ω–∏–∫–∞–∫–∏—Ö –æ—Å–∫–æ—Ä–±–ª–µ–Ω–∏–π –∏–ª–∏ —É–≥—Ä–æ–∑, –Ω–æ –ø—Ä–∏ —ç—Ç–æ–º —Å–æ—Ö—Ä–∞–Ω—è–ª –±—ã –∏—Å—Ö–æ–¥–Ω–æ–µ —Å–æ–æ–±—â–µ–Ω–∏–µ, –æ—Ä—Ñ–æ–≥—Ä–∞—Ñ–∏—é –∏ –ø—É–Ω–∫—Ç—É–∞—Ü–∏—é. –û—Ç–≤–µ—Ç: ","–ó–∞—Ç–æ –µ–≥–æ –æ–ø—Ä–∞–≤–¥—ã–≤–∞—é—Ç ,–∞ –ª—é–¥–µ–π –Ω–µ–≤–∏–Ω–Ω—ã—Ö –æ–±–∏–∂–∞—é—Ç ,–∫—É–ø–ª–µ–Ω–Ω—ã–µ —Å—É–¥—å–∏ –∏ –∞–¥–≤–æ–∫–∞—Ç—ã"," ""–í–æ–∑–º–æ–∂–Ω–æ, —á—Ç–æ –µ–≥–æ –≤–Ω–µ—à–Ω—è—è –∫—Ä–∞—Å–æ—Ç–∞ –ø–æ–¥—Ç–≤–µ—Ä–∂–¥–∞–µ—Ç –µ–≥–æ –¥–æ—Å—Ç–æ–∏–Ω—Å—Ç–≤–∞, –Ω–æ –ª—é–¥–µ–π –Ω–µ–≤–∏–Ω–Ω—ã—Ö –ø–æ–¥–æ–∑—Ä–µ–≤–∞—é—Ç –∏ —Å—É–¥—å–∏ –∏ –∞–¥–≤–æ–∫–∞—Ç—ã.—Ç–∞–∫–∏–µ –ª—é–¥–∏."""
"–∑–∞—Ç–æ –µ–≥–æ —É—Ä–æ–¥–∞ –ª–ø—Ä–∞–≤–¥—ã–≤–∞—é—Ç, –∞ –ª—é–¥–µ–π –Ω–µ–≤–∏–Ω—ã—Ö –≥–Ω–æ–±—è—Ç.–∫—É–ø–ª–µ–Ω—ã–µ –∏ —Å—É–¥—å–∏ –∏ –∞–¥–≤–æ–∫–∞—Ç—ã.—Ç–≤–∞—Ä–∏.","–¢–æ–∫—Å–∏—á–Ω–æ–µ –∑–∞–º–µ—á–∞–Ω–∏–µ: ""–∑–∞—Ç–æ –µ–≥–æ —É—Ä–æ–¥–∞ –ª–ø—Ä–∞–≤–¥—ã–≤–∞—é—Ç, –∞ –ª—é–¥–µ–π –Ω–µ–≤–∏–Ω—ã—Ö –≥–Ω–æ–±—è—Ç.–∫—É–ø–ª–µ–Ω—ã–µ –∏ —Å—É–¥—å–∏ –∏ –∞–¥–≤–æ–∫–∞—Ç—ã.—Ç–≤–∞—Ä–∏.""
–ü–µ—Ä–µ–ø–∏—à–∏ —ç—Ç–æ –∑–∞–º–µ—á–∞–Ω–∏–µ —Ç–∞–∫, —á—Ç–æ–±—ã –æ–Ω–æ –±—ã–ª–æ –∫–æ—Ä—Ä–µ–∫—Ç–Ω—ã–º –∏ –Ω–µ —Å–æ–¥–µ—Ä–∂–∞–ª–æ –Ω–∏–∫–∞–∫–∏—Ö –æ—Å–∫–æ—Ä–±–ª–µ–Ω–∏–π –∏–ª–∏ —É–Ω–∏—á–∏–∂–∏—Ç–µ–ª—å–Ω—ã—Ö –≤—ã—Å–∫–∞–∑—ã–≤–∞–Ω–∏–π, –Ω–æ –ø—Ä–∏ —ç—Ç–æ–º —Å–æ—Ö—Ä–∞–Ω—è–ª–æ –±—ã —Å–≤–æ—é –æ—Å–Ω–æ–≤–Ω—É—é –∏–¥–µ—é, –æ—Ä—Ñ–æ–≥—Ä–∞—Ñ–∏—é –∏ –ø—É–Ω–∫—Ç—É–∞—Ü–∏—é. –û—Ç–≤–µ—Ç: ","–ó–∞—Ç–æ –µ–≥–æ –æ–ø—Ä–∞–≤–¥—ã–≤–∞—é—Ç ,–∞ –ª—é–¥–µ–π –Ω–µ–≤–∏–Ω–Ω—ã—Ö –æ–±–∏–∂–∞—é—Ç ,–∫—É–ø–ª–µ–Ω–Ω—ã–µ —Å—É–¥—å–∏ –∏ –∞–¥–≤–æ–∫–∞—Ç—ã","
""–¢–∞–∫–æ–≤ –µ–≥–æ –≤–Ω–µ—à–Ω–∏–π –≤–∏–¥, –∫–æ—Ç–æ—Ä—ã–π —É–±–µ–∂–¥–∞–µ—Ç –≤ –ø—Ä–∞–≤–¥–µ, –Ω–æ –ª—é–¥–µ–π –Ω–µ–≤–∏–Ω–Ω—ã—Ö —É–≥–Ω–µ—Ç–∞—é—Ç.–∫—É–ø–ª–µ–Ω–Ω—ã–µ –∏ —Å—É–¥—å–∏ –∏ –∞–¥–≤–æ–∫–∞—Ç—ã.—Ç–≤–æ—Ä–∏."""
"–∑–∞—Ç–æ –µ–≥–æ —É—Ä–æ–¥–∞ –ª–ø—Ä–∞–≤–¥—ã–≤–∞—é—Ç, –∞ –ª—é–¥–µ–π –Ω–µ–≤–∏–Ω—ã—Ö –≥–Ω–æ–±—è—Ç.–∫—É–ø–ª–µ–Ω—ã–µ –∏ —Å—É–¥—å–∏ –∏ –∞–¥–≤–æ–∫–∞—Ç—ã.—Ç–≤–∞—Ä–∏.","–ï—Å—Ç—å —Ç–æ–∫—Å–∏—á–Ω—ã–π –æ—Ç–≤–µ—Ç: ""–∑–∞—Ç–æ –µ–≥–æ —É—Ä–æ–¥–∞ –ª–ø—Ä–∞–≤–¥—ã–≤–∞—é—Ç, –∞ –ª—é–¥–µ–π –Ω–µ–≤–∏–Ω—ã—Ö –≥–Ω–æ–±—è—Ç.–∫—É–ø–ª–µ–Ω—ã–µ –∏ —Å—É–¥—å–∏ –∏ –∞–¥–≤–æ–∫–∞—Ç—ã.—Ç–≤–∞—Ä–∏.""
–ü–µ—Ä–µ—Ñ—Ä–∞–∑–∏—Ä—É–π—Ç–µ —Ç–æ–∫—Å–∏—á–Ω—ã–π –æ—Ç–≤–µ—Ç —Ç–∞–∫, —á—Ç–æ–±—ã –æ–Ω —Å—Ç–∞–ª –Ω–µ—Ç–æ–∫—Å–∏—á–Ω—ã–º, —Å–æ—Ö—Ä–∞–Ω—è—è –ø—Ä–∏ —ç—Ç–æ–º –∏—Å—Ö–æ–¥–Ω—ã–π —Å–º—ã—Å–ª, –æ—Ä—Ñ–æ–≥—Ä–∞—Ñ–∏—é –∏ –ø—É–Ω–∫—Ç—É–∞—Ü–∏—é. –û—Ç–≤–µ—Ç: ","–ó–∞—Ç–æ –µ–≥–æ –æ–ø—Ä–∞–≤–¥—ã–≤–∞—é—Ç ,–∞ –ª—é–¥–µ–π –Ω–µ–≤–∏–Ω–Ω—ã—Ö –æ–±–∏–∂–∞—é—Ç ,–∫—É–ø–ª–µ–Ω–Ω—ã–µ —Å—É–¥—å–∏ –∏ –∞–¥–≤–æ–∫–∞—Ç—ã","1) ""–∑–∞—Ç–æ –µ–≥–æ —É—Ä–æ–¥–∞ –ª–ø—Ä–∞–≤–¥—ã–≤–∞—é—Ç, –∞ –ª—é–¥–µ–π –Ω–µ–≤–∏–Ω—ã—Ö –≥–Ω–æ–±—è—Ç.–∫—É–ø–ª–µ–Ω—ã–µ –∏ —Å—É–¥—å–∏ –∏ –∞–¥–≤–æ–∫–∞—Ç—ã.—Ç–≤–∞—Ä–∏.""

## Answer (1)

–ü–µ—Ä–µ—Ñ—Ä–∞–∑–∏—Ä—É–π—Ç–µ —Ç–æ–∫—Å–∏—á–Ω—ã–π –æ—Ç–≤–µ—Ç —Ç–∞–∫, —á—Ç–æ–±—ã –æ–Ω —Å—Ç–∞–ª –Ω–µ—Ç–æ–∫—Å–∏—á–Ω—ã–º, —Å–æ—Ö—Ä–∞–Ω—è—è –ø—Ä–∏ —ç—Ç–æ–º –∏—Å—Ö–æ–¥–Ω—ã–π —Å–º—ã—Å–ª, –æ—Ä—Ñ–æ–≥—Ä–∞—Ñ–∏—é –∏ –ø—É–Ω–∫—Ç—É"
"–∑–∞—Ç–æ –µ–≥–æ —É—Ä–æ–¥–∞ –ª–ø—Ä–∞–≤–¥—ã–≤–∞—é—Ç, –∞ –ª—é–¥–µ–π –Ω–µ–≤–∏–Ω—ã—Ö –≥–Ω–æ–±—è—Ç.–∫—É–ø–ª–µ–Ω—ã–µ –∏ —Å—É–¥—å–∏ –∏ –∞–¥–≤–æ–∫–∞—Ç—ã.—Ç–≤–∞—Ä–∏.","–î–∞–Ω–æ –∏—Å—Ö–æ–¥–Ω–æ–µ –≤—ã—Å–∫–∞–∑—ã–≤–∞–Ω–∏–µ: ""–∑–∞—Ç–æ –µ–≥–æ —É—Ä–æ–¥–∞ –ª–ø—Ä–∞–≤–¥—ã–≤–∞—é—Ç, –∞ –ª—é–¥–µ–π –Ω–µ–≤–∏–Ω—ã—Ö –≥–Ω–æ–±—è—Ç.–∫—É–ø–ª–µ–Ω—ã–µ –∏ —Å—É–¥—å–∏ –∏ –∞–¥–≤–æ–∫–∞—Ç—ã.—Ç–≤–∞—Ä–∏.""
, –æ–Ω–æ —è–≤–ª—è–µ—Ç—Å—è —Ç–æ–∫—Å–∏—á–Ω—ã–º
–ü—Ä–µ–æ–±—Ä–∞–∑—É–π —Ç–æ–∫—Å–∏—á–Ω–æ–µ —Å–æ–¥–µ—Ä–∂–∞–Ω–∏–µ –≤ –Ω–µ—Ç–æ–∫—Å–∏—á–Ω–æ–µ, –Ω–µ —Ç–µ—Ä—è—è –ø–µ—Ä–≤–æ–Ω–∞—á–∞–ª—å–Ω–æ–≥–æ —Å–º—ã—Å–ª–∞, –æ—Ä—Ñ–æ–≥—Ä–∞—Ñ–∏–∏ –∏ –ø—É–Ω–∫—Ç—É–∞—Ü–∏–∏. –û—Ç–≤–µ—Ç: ","–ó–∞—Ç–æ –µ–≥–æ –æ–ø—Ä–∞–≤–¥—ã–≤–∞—é—Ç ,–∞ –ª—é–¥–µ–π –Ω–µ–≤–∏–Ω–Ω—ã—Ö –æ–±–∏–∂–∞—é—Ç ,–∫—É–ø–ª–µ–Ω–Ω—ã–µ —Å—É–¥—å–∏ –∏ –∞–¥–≤–æ–∫–∞—Ç—ã","
""–∑–∞—Ç–æ –µ–≥–æ —É—Ä–æ–¥–∞ –ª–ø—Ä–∞–≤–¥—ã–≤–∞—é—Ç, –∞ –ª—é–¥–µ–π –Ω–µ–≤–∏–Ω—ã—Ö –≥–Ω–æ–±—è—Ç.–∫—É–ø–ª–µ–Ω—ã–µ –∏ —Å—É–¥—å–∏ –∏ –∞–¥–≤–æ–∫–∞—Ç—ã.—Ç–≤–∞—Ä–∏.""

Comment: –ê —á—Ç–æ —Ç–∞–∫–æ–µ ""—Ç–æ–∫—Å–∏—á–Ω–æ–µ —Å–æ–¥–µ—Ä–∂–∞–Ω–∏–µ""?

Comment: @–°–µ—Ä–≥–µ–π–ë–∞–ª–∞–∫–∏—Ä–µ–≤, —Ç–æ–∫—Å–∏—á–Ω–æ–µ —Å–æ–¥–µ—Ä–∂–∞–Ω–∏–µ - —ç—Ç–æ —Å–æ–¥–µ—Ä–∂–∞–Ω–∏–µ, –∫–æ—Ç–æ—Ä–æ–µ –º–æ–∂–µ—Ç –±—ã—Ç—å –≤—Ä–µ–¥–Ω—ã–º"
"–∑–∞—Ç–æ –µ–≥–æ —É—Ä–æ–¥–∞ –ª–ø—Ä–∞–≤–¥—ã–≤–∞—é—Ç, –∞ –ª—é–¥–µ–π –Ω–µ–≤–∏–Ω—ã—Ö –≥–Ω–æ–±—è—Ç.–∫—É–ø–ª–µ–Ω—ã–µ –∏ —Å—É–¥—å–∏ –∏ –∞–¥–≤–æ–∫–∞—Ç—ã.—Ç–≤–∞—Ä–∏.","–¢–æ–∫—Å–∏—á–Ω—ã–π –æ—Ç–≤–µ—Ç: ""–∑–∞—Ç–æ –µ–≥–æ —É—Ä–æ–¥–∞ –ª–ø—Ä–∞–≤–¥—ã–≤–∞—é—Ç, –∞ –ª—é–¥–µ–π –Ω–µ–≤–∏–Ω—ã—Ö –≥–Ω–æ–±—è—Ç.–∫—É–ø–ª–µ–Ω—ã–µ –∏ —Å—É–¥—å–∏ –∏ –∞–¥–≤–æ–∫–∞—Ç—ã.—Ç–≤–∞—Ä–∏.""
–ü—Ä–µ–æ–±—Ä–∞–∑—É–π —ç—Ç–æ—Ç –æ—Ç–≤–µ—Ç –≤ –Ω–µ—Ç–æ–∫—Å–∏—á–Ω—ã–π –≤–∞—Ä–∏–∞–Ω—Ç, –∫–æ—Ç–æ—Ä—ã–π –±—ã–ª –±—ã —É–≤–∞–∂–∏—Ç–µ–ª—å–Ω—ã–º –∫ —Å–æ–±–µ—Å–µ–¥–Ω–∏–∫—É –∏ –Ω–µ —Å–æ–¥–µ—Ä–∂–∞–ª –±—ã –Ω–∏–∫–∞–∫–∏—Ö –æ—Å–∫–æ—Ä–±–ª–µ–Ω–∏–π –∏–ª–∏ —É–≥—Ä–æ–∑, –Ω–æ –ø—Ä–∏ —ç—Ç–æ–º —Å–æ—Ö—Ä–∞–Ω—è–ª –±—ã –∏—Å—Ö–æ–¥–Ω–æ–µ —Å–æ–æ–±—â–µ–Ω–∏–µ, –æ—Ä—Ñ–æ–≥—Ä–∞—Ñ–∏—é –∏ –ø—É–Ω–∫—Ç—É–∞—Ü–∏—é. –û—Ç–≤–µ—Ç: ","–ó–∞—Ç–æ –µ–≥–æ –æ–ø—Ä–∞–≤–¥—ã–≤–∞—é—Ç ,–∞ –ª—é–¥–µ–π –Ω–µ–≤–∏–Ω–Ω—ã—Ö –æ–±–∏–∂–∞—é—Ç ,–∫—É–ø–ª–µ–Ω–Ω—ã–µ —Å—É–¥—å–∏ –∏ –∞–¥–≤–æ–∫–∞—Ç—ã"," ""–í–æ–∑–º–æ–∂–Ω–æ, —á—Ç–æ –µ–≥–æ –≤–Ω–µ—à–Ω—è—è –∫—Ä–∞—Å–æ—Ç–∞ –ø–æ–¥—Ç–≤–µ—Ä–∂–¥–∞–µ—Ç –µ–≥–æ –¥–æ—Å—Ç–æ–∏–Ω—Å—Ç–≤–∞, –Ω–æ –ª—é–¥–µ–π –Ω–µ–≤–∏–Ω–Ω—ã—Ö –ø–æ–¥–æ–∑—Ä–µ–≤–∞—é—Ç –∏ —Å—É–¥—å–∏ –∏ –∞–¥–≤–æ–∫–∞—Ç—ã.—Ç–∞–∫–∏–µ –ª—é–¥–∏."""
